,Adaptive momentum,Fixed momentum (20d half-life),Buy and hold
2019-12-09,1.0,1.0,1.0139741671640963
2019-12-10,1.0,1.0,1.006266957654636
2019-12-11,1.0,1.0,0.9902323160284745
2019-12-12,1.0,1.0,0.9566628684319401
2019-12-13,1.0,1.0,0.9495281993637447
2019-12-16,1.0,1.0,0.9486206389082891
2019-12-17,1.0,1.0,0.9468076827032917
2019-12-18,1.0,1.0,0.9448325700933654
2019-12-19,1.0,1.0,0.925574998143916
2019-12-20,1.0,1.0,0.9241017956864819
2019-12-23,1.0,1.0,0.9230894234002197
2019-12-24,1.0,1.0,0.9444060675089213
2019-12-25,1.0,1.0,0.9762878118111611
2019-12-26,1.0,1.0,0.97349396898743
2019-12-27,1.0,1.0,0.9597742710465161
2019-12-30,1.0,1.0,0.9582689159368148
2019-12-31,1.0,1.0,0.9474661978204099
2020-01-01,1.0,1.0,0.934514789156653
2020-01-02,1.0,1.0,0.9331554030936123
2020-01-03,1.0,1.0,0.9154285076460665
2020-01-06,1.0,1.0,0.9251003254145059
2020-01-07,1.0,1.0,0.9230022864127279
2020-01-08,1.0,1.0,0.9267945028120154
2020-01-09,1.0,1.0,0.9233782361399727
2020-01-10,1.0,1.0,0.9110049770059592
2020-01-13,1.0,1.0,0.8952339568383082
2020-01-14,1.0,1.0,0.8910620984973955
2020-01-15,1.0,1.0,0.8819509429764093
2020-01-16,1.0,1.0,0.8853177837597094
2020-01-17,1.0,1.0,0.8848931361393271
2020-01-20,1.0,1.0,0.8631127799332602
2020-01-21,1.0,1.0,0.8638106152969406
2020-01-22,1.0,1.0,0.8428441470880709
2020-01-23,1.0,1.0,0.833209794627184
2020-01-24,1.0,1.0,0.8284753631944363
2020-01-27,1.0,1.0,0.7977794499830515
2020-01-28,1.0,1.0,0.7987750085771541
2020-01-29,1.0,1.0,0.8006284767121853
2020-01-30,1.0,1.0,0.7980350985736532
2020-01-31,1.0,1.0,0.7916464326792798
2020-02-03,1.0,1.0,0.786026103840822
2020-02-04,1.0,1.0,0.7720214174386627
2020-02-05,1.0,1.0,0.7679753880167943
2020-02-06,1.0,1.0,0.7600701056616368
2020-02-07,1.0,1.0,0.7610210438620618
2020-02-10,1.0,1.0,0.7444059820270743
2020-02-11,1.0,1.0,0.7472704584699903
2020-02-12,1.0,1.0,0.7488997423513374
2020-02-13,1.0,1.0,0.7466951391468569
2020-02-14,1.0,1.0,0.7405190071880043
2020-02-17,1.0,1.0,0.7476189473452785
2020-02-18,1.0,1.0,0.7252602737938448
2020-02-19,1.0,1.0,0.7310038663447822
2020-02-20,1.0,1.0,0.7339151505630774
2020-02-21,1.0,1.0,0.7373732407632014
2020-02-24,1.0,1.0,0.7421815005596948
2020-02-25,1.0,1.0,0.7332071178593192
2020-02-26,1.0,1.0,0.729498960348739
2020-02-27,1.0,1.0,0.7376172014201009
2020-02-28,1.0,1.0,0.7430597800562828
2020-03-02,1.0,1.0,0.7455314568381811
2020-03-03,1.0,1.0,0.7251942605334739
2020-03-04,1.0,1.0,0.7319568269130641
2020-03-05,1.0,1.0,0.747229233678127
2020-03-06,1.0,1.0,0.7606292850567777
2020-03-09,1.0,1.0,0.7635326613540265
2020-03-10,1.0,1.0,0.7421249961021812
2020-03-11,1.0,1.0,0.7545212891114839
2020-03-12,1.0,1.0,0.7522230661886833
2020-03-13,1.0,1.0,0.7184151152091998
2020-03-16,1.0,1.0,0.7230202934240026
2020-03-17,1.0,1.0,0.703577615438625
2020-03-18,1.0,1.0,0.687074183079405
2020-03-19,1.0,1.0,0.6789944865180113
2020-03-20,1.0,1.0,0.6944496412211556
2020-03-23,1.0,1.0,0.6895536004458591
2020-03-24,1.0,1.0,0.6926482405499195
2020-03-25,1.0,1.0,0.7145019340872117
2020-03-26,1.0,1.0,0.7350056895035889
2020-03-27,1.0,1.0,0.7333461871959736
2020-03-30,1.0,1.0,0.7298729662195776
2020-03-31,1.0,1.0,0.7132092308072882
2020-04-01,1.0,1.0,0.7040677472189985
2020-04-02,1.0,1.0,0.7091953614430679
2020-04-03,1.0,1.0,0.7139794549479087
2020-04-06,1.0,1.0,0.715111500652194
2020-04-07,1.0,1.0,0.727740774163867
2020-04-08,1.0,1.0,0.7174062528909083
2020-04-09,1.0,1.0,0.7163958689311803
2020-04-10,1.0,1.0,0.725597372414285
2020-04-13,1.0,1.0,0.7329737605067594
2020-04-14,1.0,1.0,0.7469415440674878
2020-04-15,1.0,1.0,0.7519977223325639
2020-04-16,1.0,1.0,0.747522233870934
2020-04-17,1.0,1.0,0.7521106919174109
2020-04-20,1.0,1.0,0.7383639027899214
2020-04-21,1.0,1.0,0.7166062512462403
2020-04-22,1.0,1.0,0.7238459694476174
2020-04-23,1.0,1.0,0.7228386966114131
2020-04-24,1.0,1.0,0.7265719159030944
2020-04-27,1.0,1.0,0.704423085315406
2020-04-28,1.0,1.0,0.6995288917335907
2020-04-29,1.0,1.0,0.6917396583774041
2020-04-30,1.0,1.0,0.6807899741286657
2020-05-01,1.0,1.0,0.653448406491154
2020-05-04,1.0,1.0,0.6492616912863951
2020-05-05,1.0,1.0,0.6595694904158729
2020-05-06,1.0,1.0,0.6638427465433749
2020-05-07,1.0,1.0,0.656438003866178
2020-05-08,1.0,1.0,0.6559998022328747
2020-05-11,1.0,1.0,0.6647312933944799
2020-05-12,1.0,1.0,0.6322566271756707
2020-05-13,1.0,1.0,0.6305886256127045
2020-05-14,1.0,1.0,0.6365298488553379
2020-05-15,1.0,1.0,0.6441358347881831
2020-05-18,1.0,1.0,0.6638941812396286
2020-05-19,1.0,1.0,0.6773266097272127
2020-05-20,1.0,1.0,0.6808756731942106
2020-05-21,1.0,1.0,0.6843129159930255
2020-05-22,1.0,1.0,0.6937976232262962
2020-05-25,1.0,1.0,0.6868201193231483
2020-05-26,1.0,1.0,0.6860489891301117
2020-05-27,1.0,1.0,0.6970529246596293
2020-05-28,1.0,1.0,0.7217619344389645
2020-05-29,0.99623851871967,0.99623851871967,0.719407921400937
2020-06-01,0.9949728925636804,0.9949728925636804,0.718493982153415
2020-06-02,0.9944754061173986,0.9981345996648522,0.7207771272948574
2020-06-03,0.9944754061173986,1.0221523224114502,0.7381209055901594
2020-06-04,0.9944754061173986,1.0211861917141938,0.7374232392545834
2020-06-05,0.9944754061173986,1.048135998795961,0.7568843465401831
2020-06-08,0.9944754061173986,1.0296444180147812,0.743531128969051
2020-06-09,0.9944754061173986,1.0257918635025152,0.7407491062087637
2020-06-10,0.9944754061173986,1.0217306357765958,0.7378163954756007
2020-06-11,0.9944754061173986,1.0358838195936104,0.7480367517052406
2020-06-12,0.9944754061173986,1.0551360132023921,0.7619392261892646
2020-06-15,0.9944754061173986,1.0264432619468862,0.7412194967749415
2020-06-16,0.9944754061173986,1.0092702706096508,0.7288184645221089
2020-06-17,0.9944754061173986,1.0150023319636163,0.7329577246154634
2020-06-18,0.9944754061173986,1.0026378975113803,0.7240290675504737
2020-06-19,0.9944754061173986,0.9751448298348708,0.7041756586544676
2020-06-22,0.9944754061173986,0.9746572574199535,0.7171754276671809
2020-06-23,0.9944754061173986,0.9824814318452411,0.7232912244890163
2020-06-24,0.9944754061173986,0.9908455203870367,0.7294487676720643
2020-06-25,0.9944754061173986,0.9820091408644136,0.7229435294479037
2020-06-26,0.9944754061173986,0.9999662304541215,0.7361633266843819
2020-06-29,0.9944754061173986,0.9952582278154624,0.7326973507554346
2020-06-30,0.9944754061173986,1.014689632504005,0.7470025213522175
2020-07-01,0.9944754061173986,0.9977752905744994,0.7345503826256455
2020-07-02,0.9944754061173986,0.9821594355364273,0.7230541746100733
2020-07-03,0.9944754061173986,0.9853900877504371,0.7254325426077063
2020-07-06,0.9944754061173986,0.9726220922302722,0.7160328951286636
2020-07-07,0.9944754061173986,0.9721357811841571,0.7245017867918748
2020-07-08,0.9944754061173986,0.97582091311219,0.7276104489563089
2020-07-09,0.9944754061173986,0.9593592339678154,0.7153359735972877
2020-07-10,0.9944754061173986,0.9588795543508316,0.7159883574536655
2020-07-13,0.9944754061173986,0.9588795543508316,0.7111909135547664
2020-07-14,0.9944754061173986,0.9588795543508316,0.722722910341763
2020-07-15,0.9944754061173986,0.9471651420306246,0.7142549312123021
2020-07-16,0.9944754061173986,0.9466915594596094,0.7083475261525817
2020-07-17,0.9944754061173986,0.9466915594596094,0.7236711624580289
2020-07-20,0.9944754061173986,0.9847496609829643,0.7531254202702887
2020-07-21,1.0300008287889093,1.0204200278651938,0.7804057140482615
2020-07-22,1.0307612646084598,1.0211733903077151,0.7809818771368311
2020-07-23,1.034415989208748,1.0247941196064,0.783750970016777
2020-07-24,1.0629406462766535,1.0530534477025741,0.8053633850215639
2020-07-27,1.0601383677693998,1.0502772352641627,0.803240169099508
2020-07-28,1.0412533697706143,1.0315679006252638,0.7889314812459542
2020-07-29,1.0430289285310053,1.033326943597962,0.7902767774471882
2020-07-30,1.0511199487263467,1.041342703219142,0.7964071398861668
2020-07-31,1.0351346557727623,1.025506101320181,0.7842954855913047
2020-08-03,1.0045094972215796,0.9951658100614655,0.761091573459429
2020-08-04,0.9784733076548672,0.9693718023863388,0.7413646076726178
2020-08-05,0.9779840710010398,0.9806601451695561,0.7499978047577324
2020-08-06,0.9779840710010398,0.9669774591631835,0.7395334410140681
2020-08-07,0.9779840710010398,0.9641346250965702,0.7373592736230993
2020-08-10,0.9779840710010398,0.9674434695274844,0.7398898404781858
2020-08-11,0.9779840710010398,0.9778942443648861,0.7478824750567161
2020-08-12,0.9779840710010398,0.9716282565663736,0.7430903183481241
2020-08-13,0.9779840710010398,0.9799976383584796,0.7494911270300896
2020-08-14,0.9779840710010398,0.9640364224923896,0.7372841693803913
2020-08-17,0.9779840710010398,0.9635544042811435,0.7322064730772493
2020-08-18,0.9779840710010398,0.9635544042811435,0.7185412108456252
2020-08-19,0.9779840710010398,0.9635544042811435,0.7330360415145515
2020-08-20,0.9779840710010398,0.9635544042811435,0.7323857620202522
2020-08-21,0.9779840710010398,0.9635544042811435,0.7224150517670181
2020-08-24,0.9779840710010398,0.9635544042811435,0.7175604143687917
2020-08-25,0.9779840710010398,0.9635544042811435,0.7144164335926525
2020-08-26,0.9779840710010398,0.9635544042811435,0.723192464159863
2020-08-27,0.9779840710010398,0.9635544042811435,0.7024357498123641
2020-08-28,0.9779840710010398,0.9635544042811435,0.6891674208252057
2020-08-31,0.9779840710010398,0.9635544042811435,0.6842191780270934
2020-09-01,0.9779840710010398,0.9635544042811435,0.7158422396479405
2020-09-02,0.9779840710010398,0.9635544042811435,0.7279715931678317
2020-09-03,0.9779840710010398,0.9635544042811435,0.7262221043080985
2020-09-04,0.9779840710010398,0.9635544042811435,0.7352950809464954
2020-09-07,0.9779840710010398,0.9990258676392392,0.7627312493772239
2020-09-08,0.9729994886927875,0.9944335525842616,0.7592251317551707
2020-09-09,0.9662166809842883,0.987501327393557,0.7539325513006077
2020-09-10,0.9871313397879943,1.0088767121670879,0.7702521226574142
2020-09-11,0.995552898031214,1.0174837876891434,0.7768234094269297
2020-09-14,1.0072531546769419,1.0294417875828437,0.7859530430975049
2020-09-15,0.9976816653659281,1.0196594493291398,0.7784844726432586
2020-09-16,1.032429363305886,1.0551725992414593,0.8055978738867643
2020-09-17,1.0642680274326184,1.0877126326587638,0.8304413750883968
2020-09-18,1.07473522065962,1.098410406159444,0.8386088574449947
2020-09-21,1.087619694644194,1.1115787103431114,0.848662528153164
2020-09-22,1.048227713598732,1.0713189690898053,0.8179252232039924
2020-09-23,1.0599053615137264,1.083253862208339,0.8270372154299735
2020-09-24,1.0557861633775454,1.0790439228569173,0.8238230320886551
2020-09-25,1.0636389181502364,1.0870696648197127,0.8299504852335148
2020-09-28,1.0763549000268007,1.1000657652072858,0.8398726826527563
2020-09-29,1.0693350302953422,1.0928912557888772,0.8343951242534902
2020-09-30,1.0368718208460723,1.0597129190311718,0.8090642944249663
2020-10-01,1.0433430803589752,1.066326732976497,0.8141137758619055
2020-10-02,1.0291005335201342,1.0517704391496374,0.8030004097955207
2020-10-05,1.022593102546061,1.045119656927297,0.7979227040042094
2020-10-06,1.0111218746930613,1.0333957310682116,0.7889717800013735
2020-10-07,1.0045223398897571,1.026650816074813,0.7838222061950265
2020-10-08,0.9632336856511657,0.9844526200911052,0.7516049395689124
2020-10-09,0.9627520688083402,0.9839603937810597,0.7679432889278733
2020-10-12,0.9662843056481446,0.9875704417512747,0.7711447643346393
2020-10-13,0.9854154115784474,1.0071229840251623,0.7864123745895618
2020-10-14,1.0207576685619575,1.043243790435529,0.8146173203527266
2020-10-15,1.0207644833733096,1.0432507553693668,0.8146227589240285
2020-10-16,0.9877832256585941,1.009542958336498,0.788302012473723
2020-10-19,0.9716282798124123,0.9930321375433566,0.7754095316225138
2020-10-20,0.9503677571578196,0.9713032699345884,0.7584425368816543
2020-10-21,0.9498925732792408,0.9708176182996211,0.7513212275876627
2020-10-22,0.9498925732792408,0.9708176182996211,0.7520982425132655
2020-10-23,0.9498925732792408,0.9708176182996211,0.725185574008087
2020-10-26,0.9498925732792408,0.9708176182996211,0.7293780211430443
2020-10-27,0.9498925732792408,0.9708176182996211,0.7095320905390329
2020-10-28,0.9498925732792408,0.9708176182996211,0.7130548173244248
2020-10-29,0.9498925732792408,0.9708176182996211,0.7113662804209406
2020-10-30,0.9498925732792408,0.9708176182996211,0.7070787863092481
2020-11-02,0.9498925732792408,0.9708176182996211,0.7058673442506764
2020-11-03,0.9498925732792408,0.9708176182996211,0.6987627826468367
2020-11-04,0.9498925732792408,0.9708176182996211,0.6908252047394755
2020-11-05,0.9498925732792408,0.9708176182996211,0.6699460701797114
2020-11-06,0.9498925732792408,0.9708176182996211,0.6693211067768121
2020-11-09,0.9498925732792408,0.9708176182996211,0.6916524101826754
2020-11-10,0.9498925732792408,0.9708176182996211,0.7164671820880708
2020-11-11,0.9498925732792408,0.9708176182996211,0.733424865785777
2020-11-12,0.9498925732792408,0.9708176182996211,0.7425049881379807
2020-11-13,0.9498925732792408,0.9581990408187715,0.7332252448671122
2020-11-16,0.9498925732792408,0.9577199412983621,0.7522152055784065
2020-11-17,0.9491927519895627,0.9570143532947039,0.7520371281816582
2020-11-18,0.9488954610229049,0.9567146125712311,0.751801587144992
2020-11-19,0.9473335727993262,0.9551398539723336,0.7505641167452878
2020-11-20,0.9479512189829487,0.9557625897251566,0.7510534724227202
2020-11-23,0.9455736257878118,0.9533654045282907,0.7491697260975327
2020-11-24,0.9451929265499743,0.9529815682272494,0.7488681014160082
2020-11-25,0.9391558755515956,0.9468947703193319,0.7440849986310464
2020-11-26,0.9371463732838133,0.9448687092171849,0.7424928875330951
2020-11-27,0.950152809415079,0.9443962748625764,0.7527977732957949
2020-11-30,0.9498511228338605,0.9436242179227972,0.7525587496520988
2020-12-01,0.9485867981176355,0.9423681816947312,0.7515570362206739
2020-12-02,0.9517168287887411,0.9454776929361187,0.754036932187099
2020-12-03,0.9558646014358061,0.9495982741789256,0.7573231762332224
2020-12-04,0.9495931783574562,0.9433679644437377,0.7523543824960508
2020-12-07,0.9485084582833225,0.9422903554300581,0.751494968254083
2020-12-08,0.953844215428401,0.9475911331435476,0.7557224420434148
2020-12-09,0.9554853083559104,0.9492214676170591,0.7570226656383553
2020-12-10,0.9562803392453175,0.9500112865510021,0.7576525616690953
2020-12-11,0.9653350256867134,0.959006613509512,0.7648265106628057
2020-12-14,0.9615134768416929,0.9552101174550803,0.7617987308861573
2020-12-15,0.9620871670281973,0.9557800467214217,0.7622532606109371
2020-12-16,0.95918570905514,0.9528976097322505,0.7599544607970699
2020-12-17,0.967897849333578,0.9615526361453873,0.7668570134572953
2020-12-18,0.9567244239829937,0.9504524600183039,0.7580044061286019
2020-12-21,0.9529805951519358,0.9467331744715289,0.7550382032402938
2020-12-22,0.9525041048543599,0.9438264962869315,0.7527200705994669
2020-12-23,0.9525041048543599,0.9476863477307297,0.7557983775369276
2020-12-24,0.9525041048543599,0.9512350981828224,0.7586285753554333
2020-12-25,0.9601309456357017,0.9593273953897654,0.7650823404795163
2020-12-28,0.9512010790735437,0.9504050023878595,0.7579665577411293
2020-12-29,0.9555894066711832,0.9547896573179984,0.7614634057121838
2020-12-30,0.9540047501972596,0.9532063270705704,0.7602006689058801
2020-12-31,0.950297315441911,0.9495019951316898,0.7572463918120206
2021-01-01,0.9498221667841901,0.9526761675379146,0.7597778563207072
2021-01-04,0.9442123543912373,0.9475258370114749,0.7556703671023776
2021-01-05,0.9437402482140417,0.9358851120677297,0.7463866615315382
2021-01-06,0.9437402482140417,0.935417169511696,0.7448050215140268
2021-01-07,0.9437402482140417,0.935417169511696,0.7382155409947909
2021-01-08,0.9437402482140417,0.935417169511696,0.7354204290588384
2021-01-11,0.9437402482140417,0.935417169511696,0.737135461546053
2021-01-12,0.9437402482140417,0.935417169511696,0.738590525771802
2021-01-13,0.9437402482140417,0.935417169511696,0.7457310942513596
2021-01-14,0.9437402482140417,0.935417169511696,0.7449127841485077
2021-01-15,0.9437402482140417,0.935417169511696,0.7381648353003728
2021-01-18,0.9437402482140417,0.935417169511696,0.7348971611246841
2021-01-19,0.9437402482140417,0.935417169511696,0.7309274938704504
2021-01-20,0.9437402482140417,0.935417169511696,0.7256786719931743
2021-01-21,0.9437402482140417,0.935417169511696,0.7276495314653326
2021-01-22,0.9437402482140417,0.935417169511696,0.7249104466985982
2021-01-25,0.9437402482140417,0.935417169511696,0.7164323951537155
2021-01-26,0.9437402482140417,0.935417169511696,0.7195064028743606
2021-01-27,0.9437402482140417,0.935417169511696,0.7190974370085522
2021-01-28,0.9437402482140417,0.935417169511696,0.7207107584565838
2021-01-29,0.9437402482140417,0.935417169511696,0.7212401918258433
2021-02-01,0.9437402482140417,0.935417169511696,0.7240512283555881
2021-02-02,0.9437402482140417,0.935417169511696,0.7242888375804313
2021-02-03,0.9437402482140417,0.935417169511696,0.7297539880424625
2021-02-04,0.9457725086753684,0.935417169511696,0.7316903251699269
2021-02-05,0.9480947730079824,0.935417169511696,0.733486928823633
2021-02-08,0.9505242460084781,0.935417169511696,0.7353664737178
2021-02-09,0.9423472562329086,0.935417169511696,0.7290404024343606
2021-02-10,0.9418760826047922,0.935417169511696,0.7283934370212402
2021-02-11,0.9418760826047922,0.935417169511696,0.7273337413824054
2021-02-12,0.9418760826047922,0.935417169511696,0.7283128676077808
2021-02-15,0.9418760826047922,0.935417169511696,0.722471919932982
2021-02-16,0.9418760826047922,0.935417169511696,0.729663334938389
2021-02-17,0.9420895077955006,0.935417169511696,0.73019350527332
2021-02-18,0.9353608434956427,0.935417169511696,0.7249782609358497
2021-02-19,0.934893163073895,0.935417169511696,0.7176545661991391
2021-02-22,0.934893163073895,0.935417169511696,0.7165160330684714
2021-02-23,0.934893163073895,0.935417169511696,0.7162022301810593
2021-02-24,0.934893163073895,0.935417169511696,0.7131935334184293
2021-02-25,0.934893163073895,0.935417169511696,0.713659174631768
2021-02-26,0.934893163073895,0.935417169511696,0.7109900585210418
2021-03-01,0.934893163073895,0.935417169511696,0.7134186370346933
2021-03-02,0.934893163073895,0.935417169511696,0.7103949947082351
2021-03-03,0.934893163073895,0.935417169511696,0.7103019380998515
2021-03-04,0.934893163073895,0.935417169511696,0.7145572925041392
2021-03-05,0.934893163073895,0.935417169511696,0.7257409934970233
2021-03-08,0.928883466466079,0.935417169511696,0.7214386430262425
2021-03-09,0.9263908636563917,0.935417169511696,0.7195027059000649
2021-03-10,0.9218266865840815,0.935417169511696,0.7159578331227442
2021-03-11,0.9213657732407895,0.935417169511696,0.719406986565331
2021-03-12,0.9146714931297601,0.935417169511696,0.7145397627928433
2021-03-15,0.9142141573831953,0.935417169511696,0.7125374732269373
2021-03-16,0.9142141573831953,0.935417169511696,0.712482176978621
2021-03-17,0.9142141573831953,0.935417169511696,0.70838152511049
2021-03-18,0.9142141573831953,0.935417169511696,0.7043947162804071
2021-03-19,0.9142141573831953,0.935417169511696,0.7024576665431743
2021-03-22,0.9142141573831953,0.935417169511696,0.693729764815398
2021-03-23,0.9142141573831953,0.935417169511696,0.6878079300364945
2021-03-24,0.9142141573831953,0.935417169511696,0.6861741256343005
2021-03-25,0.9142141573831953,0.935417169511696,0.6868533511625353
2021-03-26,0.9142141573831953,0.935417169511696,0.686156850664954
2021-03-29,0.9142141573831953,0.935417169511696,0.6789601487223123
2021-03-30,0.9142141573831953,0.935417169511696,0.6771411313254933
2021-03-31,0.9142141573831953,0.935417169511696,0.680460886464992
2021-04-01,0.9142141573831953,0.935417169511696,0.6828024204960329
2021-04-02,0.9142141573831953,0.935417169511696,0.6825481327177295
2021-04-05,0.9142141573831953,0.935417169511696,0.6789916496357851
2021-04-06,0.9142141573831953,0.935417169511696,0.6816362294757425
2021-04-07,0.9142141573831953,0.935417169511696,0.6793405537844128
2021-04-08,0.9142141573831953,0.935417169511696,0.6746587877088982
2021-04-09,0.9142141573831953,0.935417169511696,0.6714865231300421
2021-04-12,0.9142141573831953,0.935417169511696,0.6774149553484079
2021-04-13,0.9142141573831953,0.935417169511696,0.6783783006818078
2021-04-14,0.9142141573831953,0.935417169511696,0.6831815113460993
2021-04-15,0.9112226947932336,0.935417169511696,0.6812876172136415
2021-04-16,0.910767083445837,0.935417169511696,0.6852018445378787
2021-04-19,0.907121396810599,0.935417169511696,0.682801668242485
2021-04-20,0.9063555979695883,0.935417169511696,0.6822252418369138
2021-04-21,0.9059024201706035,0.935417169511696,0.6925482920900858
2021-04-22,0.9097198637498668,0.935417169511696,0.6958129424012713
2021-04-23,0.9070791280612835,0.935417169511696,0.6937931359280971
2021-04-26,0.90670828632071,0.935417169511696,0.693509492036218
2021-04-27,0.9085756142288398,0.935417169511696,0.6949377459173942
2021-04-28,0.9152899127816407,0.935417169511696,0.7000732783140678
2021-04-29,0.9126989244641174,0.9323014966870089,0.6980915218670756
2021-04-30,0.9033030915021478,0.9318353459386655,0.6909049774811695
2021-05-03,0.9018789377720098,0.9318353459386655,0.6898156920462947
2021-05-04,0.9014279983031238,0.9318353459386655,0.6899483651511399
2021-05-05,0.9014279983031238,0.9318353459386655,0.6904710110984102
2021-05-06,0.9014279983031238,0.9318353459386655,0.696017031308865
2021-05-07,0.9027820549778421,0.9318353459386655,0.6974105437457816
2021-05-10,0.9072868563361909,0.9318353459386655,0.7008905597113956
2021-05-11,0.9014025934052875,0.925325954643743,0.6963448922520604
2021-05-12,0.9061994236894997,0.9248632916664212,0.7000505042525679
2021-05-13,0.9177607312051158,0.9362002814783137,0.7089817603806883
2021-05-14,0.9221188972087321,0.9406460112862965,0.7123484986820948
2021-05-17,0.923615172877341,0.9421723499653131,0.7135043905409153
2021-05-18,0.9245613736967946,0.9431375617502457,0.7142353426287966
2021-05-19,0.9346221106715858,0.9534004379743253,0.7220073890550459
2021-05-20,0.9295301086868916,0.9482061280313632,0.7180737531865445
2021-05-21,0.9290035729619566,0.9476690132070612,0.7176669976864726
2021-05-24,0.9316654866864956,0.9503844098169293,0.7197233596708505
2021-05-25,0.9359273323083669,0.9547318839843779,0.7230156892603912
2021-05-26,0.933568060815465,0.9523252102614368,0.7211931222237113
2021-05-27,0.9353846153065445,0.954178262770707,0.72259643351948
2021-05-28,0.933919521488998,0.9526837324451634,0.721464630034575
2021-05-31,0.9346882917363466,0.9534679487419478,0.7220585147637437
2021-06-01,0.9340411981661152,0.9528078538370395,0.7215586268049821
2021-06-02,0.9277580572039712,0.9463984726799234,0.7167048210268557
2021-06-03,0.9277333035481936,0.9463732216763463,0.7166856985150154
2021-06-04,0.9327220180087565,0.9514621688533095,0.7205395434661305
2021-06-07,0.9274186692044294,0.9460522657330602,0.7164426395091836
2021-06-08,0.9261706935581997,0.9447792158938673,0.7154785625548186
2021-06-09,0.9299652616094657,0.9486500239998309,0.718409914317209
2021-06-10,0.9241071625485783,0.9426742246403083,0.7138844587780309
2021-06-11,0.9252128986443606,0.9438021770672473,0.7147386538825379
2021-06-14,0.9194384404029676,0.9379116990296021,0.7102778119331861
2021-06-15,0.9189787211827662,0.9444130185243227,0.715201242347975
2021-06-16,0.931453914505479,0.9577056905253364,0.7252677443368019
2021-06-17,0.9429188709688805,0.9694937713693085,0.7341948238021831
2021-06-18,0.9417738410673075,0.9683164703397237,0.7333032571438876
2021-06-21,0.9460603450694546,0.972723783692951,0.7366409027754252
2021-06-22,0.9468421008359844,0.9735275721945046,0.7372496094785521
2021-06-23,0.9475170944965343,0.9742215896436882,0.7377751868817977
2021-06-24,0.9564528762845638,0.9834092144251374,0.7447329485062477
2021-06-25,0.9490072549215055,0.9757537482363634,0.7389354861443679
2021-06-28,0.9551307202649729,0.9820497952160864,0.7437034642783575
2021-06-29,0.954945580417639,0.9818594374511198,0.743559306894539
2021-06-30,0.9631465671629444,0.9902915579796718,0.7499449273374585
2021-07-01,0.9643256019473913,0.9915038222740267,0.7508629715748532
2021-07-02,0.9605374455942477,0.9876089018281435,0.7479133596073108
2021-07-05,0.9622322149627838,0.9893514359923128,0.7492329756805781
2021-07-06,0.9665872916044708,0.9938292546127133,0.7526240147466463
2021-07-07,0.9668914104436683,0.9941419446324339,0.7528608139925137
2021-07-08,0.9698238174501794,0.9971569975871075,0.755144104858513
2021-07-09,0.9668896493542148,0.9941401339090424,0.7528594427369361
2021-07-12,0.9546846428598929,0.9815911457192009,0.7433561303433728
2021-07-13,0.9599500103453461,0.9870049105066975,0.7474559587297364
2021-07-14,0.9640818223511439,0.9912531720776786,0.7506731549074557
2021-07-15,0.9650358387726959,0.9922340761691709,0.7514159907336239
2021-07-16,0.9655285799747432,0.9927407046193906,0.7517996589909421
2021-07-19,0.9716478817592507,0.9990324706958433,0.7565643952092898
2021-07-20,0.9690835556463162,0.9963958724997599,0.7545677070353404
2021-07-21,0.9650806109547551,0.9922801101949746,0.7514508521679744
2021-07-22,0.9640858371192659,0.9912572999966414,0.7506762809685248
2021-07-23,0.9710858869434243,0.9984546368118683,0.756126803283317
2021-07-26,0.9631336998825665,0.9902783280522998,0.7499349083517951
2021-07-27,0.9701427435432601,0.9974849121832502,0.7553924336319893
2021-07-28,0.9665255190191664,0.9937657410501602,0.7525759161097648
2021-07-29,0.9602591931060218,0.9873228071677136,0.7476967009499698
2021-07-30,0.967643381499499,0.9949151089812701,0.7534463291135258
2021-08-02,0.9671777275619305,0.9944363312136534,0.7530837520974412
2021-08-03,0.9597577079943596,0.9868071883725448,0.7473062243304723
2021-08-04,0.9577899228841174,0.9847839438851237,0.7457740271428073
2021-08-05,0.9573110279226753,0.9903996864964967,0.7500268127499309
2021-08-06,0.9638004554133958,0.9976086154882515,0.7554861137864176
2021-08-09,0.9614299280530278,0.9951549348485808,0.7536279485479082
2021-08-10,0.9638730636104406,0.9976837706331988,0.7555430285599127
2021-08-11,0.9681084508297021,1.0020677266233957,0.7588629857281091
2021-08-12,0.9644677145529723,0.9982992807215639,0.7560091525662975
2021-08-13,0.9666210866668337,1.0005281887502686,0.7576970981578353
2021-08-16,0.9665328696136258,1.0004368772222247,0.7576279482022368
2021-08-17,0.9635256994554817,0.9973242216500535,0.7552707431568249
2021-08-18,0.9607807862495686,0.9944830224706945,0.7531191112511034
2021-08-19,0.9612634181617513,0.9949825841289182,0.7534974278473202
2021-08-20,0.9615317643418492,0.9952603433473284,0.7537077740985727
2021-08-23,0.9583707056473229,0.9919884011418529,0.7512299417473168
2021-08-24,0.9578915202944992,0.9895553928957528,0.749387431652557
2021-08-25,0.9578915202944992,0.9962873974307013,0.7544855591798655
2021-08-26,0.9587382193313939,0.997666179032564,0.7555297064917266
2021-08-27,0.9639395944384318,1.0030787472645601,0.7596286287300767
2021-08-30,0.971012716664967,1.0104390617730385,0.7652025735797157
2021-08-31,0.9745468738738623,1.0141167175163945,0.7679876516175916
2021-09-01,0.9880150556126198,1.0281317522181435,0.7786011967865294
2021-09-02,0.9832329905155902,1.0231555193768516,0.7748327100752114
2021-09-03,0.9881125116712315,1.0282331653167955,0.7786779966322789
2021-09-06,0.986326766252877,1.0263749126964952,0.7772707473074952
2021-09-07,0.997470331252107,1.037970943489276,0.7860523878256037
2021-09-08,1.0078000299295273,1.0487200622813135,0.7941926643396056
2021-09-09,0.9961519227681034,1.03659900323685,0.7850134214478471
2021-09-10,0.9904769367322185,1.0306935938974446,0.780541272066938
2021-09-13,0.9945321831056133,1.0349134967581044,0.7837369922755048
2021-09-14,0.9993565902161085,1.0399337908394042,0.7875388464362066
2021-09-15,1.003883288939417,1.0446442885830576,0.791106092728091
2021-09-16,1.003556887230484,1.044304633879391,0.7908488732052055
2021-09-17,1.0064017052963905,1.0472649610183622,0.7930907203695498
2021-09-20,1.0104536920365468,1.051481471893835,0.7962838718375632
2021-09-21,1.0100826936594995,1.0510954097490357,0.7959915080939806
2021-09-22,1.016429518471762,1.0576999367531377,0.8009930972565645
2021-09-23,1.0028430645917656,1.0435618276679373,0.7902863482136656
2021-09-24,1.0067645688808131,1.047642558070906,0.7933766735232962
2021-09-27,1.0006376794023344,1.041266896506468,0.7885484034949974
2021-09-28,1.0065106457276123,1.0473783247933397,0.7931765704278515
2021-09-29,1.005231070993451,1.0460467950701298,0.7921682068267746
2021-09-30,0.9999847129600302,1.0405874174553624,0.788033835978489
2021-10-01,1.002330837972844,1.0430288029450312,0.789882690135529
2021-10-04,0.9969647405389211,1.037444824111944,0.7856539591456608
2021-10-05,0.9916188368429045,1.0318818589496703,0.7814411417478093
2021-10-06,0.9911230274244831,1.022325993154202,0.7742045122704769
2021-10-07,0.9911230274244831,1.0222644034171267,0.7741578705410554
2021-10-08,0.9911230274244831,1.0254187966181978,0.7765466833718921
2021-10-11,0.9911230274244831,1.0318355123795617,0.7814060436245623
2021-10-12,0.9898840386854072,1.031061547300783,0.7808199221130847
2021-10-13,0.9893890966660646,1.0376681488867308,0.7858230823504893
2021-10-14,0.9890999847409663,1.037883763290421,0.7859863665136282
2021-10-15,0.9886453694371151,1.0374067257313373,0.7856251073524231
2021-10-18,0.9921527428903839,1.0410870876918088,0.788412234800679
2021-10-19,0.99857316669045,1.0478241756690947,0.7935142120041396
2021-10-20,0.9966292348950734,1.0457843664703372,0.7919694704085783
2021-10-21,0.9952721828148449,1.0443603827055639,0.7908910916297253
2021-10-22,0.9944116561202723,1.043457413644849,0.790207275776536
2021-10-25,0.9950051138089753,1.0440801414871368,0.7906788657670519
2021-10-26,0.9897431127575531,1.0385586112698266,0.7864974269329573
2021-10-27,0.9959663419141028,1.045088778691182,0.7914427037989955
2021-10-28,0.9936758093900471,1.0426852739366768,0.7896225366129296
2021-10-29,0.9965363998719127,1.0456869526955022,0.7918956992391669
2021-11-01,0.9917120879835474,1.0406246990758192,0.7880620692416315
2021-11-02,0.9939487589623954,1.0429716857592506,0.7898394354562428
2021-11-03,0.9963864786394879,1.0455296371406475,0.7917765646253211
2021-11-04,0.9939740748154915,1.042998250225217,0.7898595526493446
2021-11-05,1.0062003251864349,1.0558275161656558,0.7995751185712877
2021-11-08,1.0085437129810964,1.0582864830857788,0.8014372870946658
2021-11-09,1.0194558408354164,1.0697368121704707,0.8101085881314313
2021-11-10,1.0254420922408531,1.076018313770437,0.8148655510914787
2021-11-11,1.0214775732020045,1.0718582591721608,0.8117151537985956
2021-11-12,1.019239804139491,1.0695101202460597,0.8099369149939493
2021-11-15,1.0220124480284316,1.0724195147644222,0.8121401910322916
2021-11-16,1.0224898752863212,1.072920489394652,0.8125195776681144
2021-11-17,1.0228956458666958,1.0733462731409757,0.8128420224654322
2021-11-18,1.021242725557539,1.071611828517224,0.8115285325776824
2021-11-19,1.0103222970655665,1.0601527893959561,0.8028506354554567
2021-11-22,1.0090575638036547,1.0588256777412375,0.8018456176448463
2021-11-23,0.9958168352219318,1.0449318981222795,0.791323898598751
2021-11-24,0.9953189268043209,1.0473703889349941,0.7931705606253214
2021-11-25,0.9953189268043209,1.0429218913007374,0.789801726257098
2021-11-26,0.9953189268043209,1.0385585938533146,0.7864974137434833
2021-11-29,0.9953189268043209,1.038039314556388,0.785541753350893
2021-11-30,0.9953189268043209,1.038039314556388,0.7869066650280185
2021-12-01,0.9953189268043209,1.038039314556388,0.7802525180804856
2021-12-02,0.9953189268043209,1.038039314556388,0.7721864228759161
2021-12-03,0.9953189268043209,1.038039314556388,0.7673397064004335
2021-12-06,0.9953189268043209,1.038039314556388,0.7580726617738747
2021-12-07,0.9953189268043209,1.038039314556388,0.7537631117515964
2021-12-08,0.9953189268043209,1.038039314556388,0.7610685566848051
2021-12-09,0.9953189268043209,1.038039314556388,0.7563346416558915
2021-12-10,0.9953189268043209,1.038039314556388,0.7593724412548688
2021-12-13,0.9953189268043209,1.038039314556388,0.7532239154962929
2021-12-14,0.9953189268043209,1.038039314556388,0.7546524174819281
2021-12-15,0.9953189268043209,1.038039314556388,0.7532814022644416
2021-12-16,0.9953189268043209,1.038039314556388,0.7530864204901138
2021-12-17,0.9953189268043209,1.038039314556388,0.7557364127712505
2021-12-20,0.9953189268043209,1.038039314556388,0.7638184238331179
2021-12-21,0.9953189268043209,1.038039314556388,0.7647877419921275
2021-12-22,0.9953189268043209,1.038039314556388,0.7654351438382444
2021-12-23,0.9953189268043209,1.038039314556388,0.7610539746370748
2021-12-24,0.9953189268043209,1.038039314556388,0.7637987354712181
2021-12-27,0.9953189268043209,1.038039314556388,0.7627481401387636
2021-12-28,0.9953189268043209,1.038039314556388,0.766641991313905
2021-12-29,0.9953189268043209,1.038039314556388,0.7665176224006364
2021-12-30,0.9953189268043209,1.038039314556388,0.7746434221386502
2021-12-31,0.98314798642982,1.025345981531548,0.7655582635738548
2022-01-03,0.9826564124366052,1.0248333085407824,0.7642735140855694
2022-01-04,0.9826564124366052,1.0248333085407824,0.7684032171185303
2022-01-05,0.9826564124366052,1.0248333085407824,0.7668647615307731
2022-01-06,0.9826564124366052,1.0248333085407824,0.7633047990810086
2022-01-07,0.9826564124366052,1.0248333085407824,0.7621642948080443
2022-01-10,0.9826564124366052,1.0248333085407824,0.755955543793721
2022-01-11,0.9826564124366052,1.0248333085407824,0.7565709322708933
2022-01-12,0.9826564124366052,1.0248333085407824,0.7678075099263805
2022-01-13,0.9890383111548767,1.0248333085407824,0.7731779681895753
2022-01-14,0.9825772960744091,1.0176260415589085,0.7681270874946454
2022-01-17,0.977539760762528,1.0171172285381291,0.7641890081773989
2022-01-18,0.9770509908821469,1.0171172285381291,0.7624117656596621
2022-01-19,0.9770509908821469,1.0171172285381291,0.7670970163084595
2022-01-20,0.9718557356695778,1.0171172285381291,0.7634016940005425
2022-01-21,0.9713698078017431,1.0171172285381291,0.7603227170248696
2022-01-24,0.9713698078017431,1.0171172285381291,0.7644460603485304
2022-01-25,0.9713698078017431,1.0171172285381291,0.768499093063833
2022-01-26,0.9688048148874557,1.0171172285381291,0.7668540488105031
2022-01-27,0.9624254240852144,1.0171172285381291,0.7618044644252194
2022-01-28,0.9619442113731718,1.0171172285381291,0.7548291599645903
2022-01-31,0.9619442113731718,1.0171172285381291,0.7517452510761055
2022-02-01,0.9619442113731718,1.0171172285381291,0.7418257158485272
2022-02-02,0.9619442113731718,1.0171172285381291,0.7452451693124933
2022-02-03,0.9619442113731718,1.0171172285381291,0.7425075703401577
2022-02-04,0.9619442113731718,1.0171172285381291,0.7447293236149845
2022-02-07,0.9619442113731718,1.0171172285381291,0.7531999856118315
2022-02-08,0.9619442113731718,1.0171172285381291,0.7585955414692563
2022-02-09,0.9549377029605354,1.0171172285381291,0.7534494605535227
2022-02-10,0.9544602341090551,1.0171172285381291,0.7574650796237077
2022-02-11,0.9607329770276369,1.0171172285381291,0.7628218966813284
2022-02-14,0.9565359486990326,1.0171172285381291,0.7594894565688255
2022-02-15,0.9511755020111246,1.0171172285381291,0.755233262384485
2022-02-16,0.950699914260119,1.0171172285381291,0.7548118455119643
2022-02-17,0.950699914260119,1.0171172285381291,0.7476687010697733
2022-02-18,0.950699914260119,1.0171172285381291,0.7543710657147216
2022-02-21,0.950699914260119,1.0171172285381291,0.7436363911437845
2022-02-22,0.950699914260119,1.0171172285381291,0.7387882538894975
2022-02-23,0.950699914260119,1.0171172285381291,0.7376680733447818
2022-02-24,0.950699914260119,1.0171172285381291,0.7367373384297939
2022-02-25,0.950699914260119,1.0171172285381291,0.7375457947048233
2022-02-28,0.950699914260119,1.0171172285381291,0.7388218864527587
2022-03-01,0.950699914260119,1.0171172285381291,0.73794935687517
2022-03-02,0.950699914260119,1.0171172285381291,0.7430746554274054
2022-03-03,0.950699914260119,1.0171172285381291,0.7336706784857828
2022-03-04,0.950699914260119,1.0171172285381291,0.7337433249558192
2022-03-07,0.950699914260119,1.0171172285381291,0.7306771942365814
2022-03-08,0.950699914260119,1.0171172285381291,0.7313315020113581
2022-03-09,0.950699914260119,1.0171172285381291,0.732374069327802
2022-03-10,0.950699914260119,1.0171172285381291,0.7284510524260341
2022-03-11,0.950699914260119,1.0171172285381291,0.7257276014959044
2022-03-14,0.950699914260119,1.0171172285381291,0.7292599553940937
2022-03-15,0.950699914260119,1.0171172285381291,0.7308619549642094
2022-03-16,0.950699914260119,1.0171172285381291,0.7279578201754215
2022-03-17,0.950699914260119,1.0171172285381291,0.7369959912949857
2022-03-18,0.9635846478566918,1.0171172285381291,0.7473529166241606
2022-03-21,0.9552619190556361,1.0171172285381291,0.7408978369821425
2022-03-22,0.9570889496066537,1.0171172285381291,0.7423148755517187
2022-03-23,0.9717030950633411,1.0171172285381291,0.7536495561688484
2022-03-24,0.9763817935330932,1.0215060350191207,0.7572783385027636
2022-03-25,0.9777754600047068,1.0229641108671,0.758359261392806
2022-03-28,0.9766532847982524,1.0217900734635612,0.7574889061880271
2022-03-29,0.973584426700132,1.0185793857094363,0.7551087104725418
2022-03-30,0.9724410510285162,1.017383168044804,0.7542219122603869
2022-03-31,0.9693299709996938,1.0141283070407188,0.7518089693616355
2022-04-01,0.9737694111580596,1.0187729193674882,0.7552521837776321
2022-04-04,0.9715430779350483,1.0164436944287065,0.7535254474381775
2022-04-05,0.9690717944589927,1.013858198671049,0.7516087285305617
2022-04-06,0.9622032782679059,1.00667224867967,0.7462815311538633
2022-04-07,0.9617221766287719,1.0061689125553301,0.7461341258223335
2022-04-08,0.9617221766287719,1.0061689125553301,0.7422162533955314
2022-04-11,0.9617221766287719,1.0061689125553301,0.7414859003183254
2022-04-12,0.9617221766287719,1.0061689125553301,0.7462099833621647
2022-04-13,0.9617221766287719,1.0061689125553301,0.7479249127799096
2022-04-14,0.9642546317117057,1.0061689125553301,0.7502683486383394
2022-04-15,0.9664136444363025,1.0079186889242524,0.7519482357327856
2022-04-18,0.9668535152741909,1.0083774511124448,0.7522904909383125
2022-04-19,0.9662117672153154,1.0077081415824674,0.7517911588733789
2022-04-20,0.9645254257759535,1.0059493760037468,0.7504790483941121
2022-04-21,0.9690254693115038,1.0106426851333996,0.7539804474241842
2022-04-22,0.9628382729271078,1.0041897641675386,0.7491663065724244
2022-04-25,0.9623568537906443,1.0036876692854548,0.7552926820967284
2022-04-26,0.9630091257193428,1.0043679546590947,0.7561822551856796
2022-04-27,0.9536350800781985,0.9945913172461892,0.7488214869605196
2022-04-28,0.9531582625381595,0.9940940215875662,0.7442318218727632
2022-04-29,0.9531582625381595,0.9940940215875662,0.7377276431189607
2022-05-02,0.9531582625381595,0.9940940215875662,0.7399018928711136
2022-05-03,0.9531582625381595,0.9940940215875662,0.7330161963258582
2022-05-04,0.9531582625381595,0.9940940215875662,0.7453527784102839
2022-05-05,0.9429683663085267,0.9940940215875662,0.7377571375063625
2022-05-06,0.9424968821253724,0.9940940215875662,0.7151550565179277
2022-05-09,0.9424968821253724,0.9940940215875662,0.7083691828892413
2022-05-10,0.9424968821253724,0.9940940215875662,0.689210063404864
2022-05-11,0.9424968821253724,0.9940940215875662,0.6893078251997241
2022-05-12,0.9424968821253724,0.9940940215875662,0.7000950796635885
2022-05-13,0.9424968821253724,0.9940940215875662,0.7069675672727656
2022-05-16,0.9424968821253724,0.9940940215875662,0.6943377669796895
2022-05-17,0.9424968821253724,0.9940940215875662,0.6874485319381436
2022-05-18,0.9424968821253724,0.9940940215875662,0.7052750253366629
2022-05-19,0.9424968821253724,0.9940940215875662,0.7089230541305132
2022-05-20,0.9424968821253724,0.9940940215875662,0.7094603815051415
2022-05-23,0.9424968821253724,0.9940940215875662,0.7205317858736041
2022-05-24,0.9756345562496354,0.9940940215875662,0.7462255546876428
2022-05-25,0.9942017084845567,1.012515426077294,0.7604268592506281
2022-05-26,0.9968416448257144,1.0152039914322646,0.7624460455821302
2022-05-27,1.002505414477546,1.0209720906955109,0.7667780463533079
2022-05-30,1.0119117851426584,1.030551731648195,0.7739726194874877
2022-05-31,1.0039714848108072,1.022465166814243,0.767899387474982
2022-06-01,0.9898929694796522,1.008127317837109,0.7571312695922432
2022-06-02,0.9913137789451341,1.0095742993591081,0.7582179924073515
2022-06-03,0.9789398061493408,0.9969723914860078,0.7487536139122668
2022-06-06,0.9787827244976731,0.9968124163078221,0.7486334681651773
2022-06-07,0.9807870918891836,0.9988537051993129,0.7501665321171936
2022-06-08,1.0141741620046631,1.0328557826801248,0.7757030250147906
2022-06-09,1.0028640414487373,1.0213373237638508,0.7670523464063237
2022-06-10,1.0018566242451064,1.020311349406266,0.7662818115203197
2022-06-13,1.000254694823678,1.0186799116036136,0.7650565569786283
2022-06-14,1.0071021110749103,1.0256534608582344,0.7702938837599745
2022-06-15,1.0226846204196955,1.0415230082085785,0.7822123491369455
2022-06-16,1.016397366528532,1.0351199397988782,0.7774034691189697
2022-06-17,1.0054804158953516,1.0240018932018067,0.7690535111459168
2022-06-20,0.9833359123771429,1.0014494762992183,0.7521160274177066
2022-06-21,0.9828442444209544,0.9892398726878793,0.7429462801844857
2022-06-22,0.9828442444209544,0.9887452527515354,0.7490711052248077
2022-06-23,0.9828442444209544,0.9895757547891834,0.7500748271907062
2022-06-24,0.9828442444209544,0.9762905578645813,0.7400049646873162
2022-06-27,0.9828442444209544,0.975802412585649,0.7366686149302112
2022-06-28,0.9828442444209544,0.975802412585649,0.7375093542120543
2022-06-29,0.9828442444209544,0.975802412585649,0.7432483759821045
2022-06-30,0.9828442444209544,0.975802412585649,0.7376155514798922
2022-07-01,0.9828442444209544,0.975802412585649,0.7355485851049232
2022-07-04,0.9828442444209544,0.975802412585649,0.7175613927916421
2022-07-05,0.9828442444209544,0.975802412585649,0.7065818919700761
2022-07-06,0.9828442444209544,0.975802412585649,0.723273276705177
2022-07-07,0.9828442444209544,0.975802412585649,0.7019436691325115
2022-07-08,0.9828442444209544,0.975802412585649,0.6991210629071948
2022-07-11,0.9828442444209544,0.975802412585649,0.7017608643229389
2022-07-12,0.9828442444209544,0.975802412585649,0.6985814699309076
2022-07-13,0.9828442444209544,0.975802412585649,0.6912057954788656
2022-07-14,0.9828442444209544,0.975802412585649,0.6910985981511227
2022-07-15,0.9828442444209544,0.975802412585649,0.6915344624099485
2022-07-18,0.9828442444209544,0.975802412585649,0.6912235882135433
2022-07-19,0.9828442444209544,0.975802412585649,0.6737609495064875
2022-07-20,0.9828442444209544,0.975802412585649,0.6728428010137325
2022-07-21,0.9828442444209544,0.975802412585649,0.6653013828105057
2022-07-22,0.9828442444209544,0.975802412585649,0.6606814768342149
2022-07-25,0.9828442444209544,0.975802412585649,0.6632483396511177
2022-07-26,0.9828442444209544,0.975802412585649,0.6696931967213099
2022-07-27,0.9828442444209544,0.975802412585649,0.6786289921062372
2022-07-28,0.9828442444209544,0.975802412585649,0.6744009342890983
2022-07-29,0.9828442444209544,0.975802412585649,0.6836600771908808
2022-08-01,0.9993361575955247,0.975802412585649,0.69547357499164
2022-08-02,1.0160767301422706,0.975802412585649,0.7071239348310211
2022-08-03,1.0367653430775983,0.975802412585649,0.7215218763949189
2022-08-04,1.0353774685672523,0.9740082454006522,0.7205560051612867
2022-08-05,1.0335797037077132,0.9723170382325982,0.719304876655273
2022-08-08,1.0463196673335609,0.9843018746757277,0.7281710704588178
2022-08-09,1.0272112313571895,0.9663260400040972,0.714872830242071
2022-08-10,1.0309488528168036,0.9698421239738287,0.7174739739500479
2022-08-11,1.0240360884454431,0.9633390951745503,0.7126631353609665
2022-08-12,1.0194759511700768,0.9628574256269631,0.7094895736427731
2022-08-15,0.9956171524688753,0.9628574256269631,0.6928853870518917
2022-08-16,0.9951193438926409,0.9628574256269631,0.6847795615955669
2022-08-17,0.9951193438926409,0.9628574256269631,0.6850624921854439
2022-08-18,0.9951193438926409,0.9628574256269631,0.6941224653686047
2022-08-19,0.9951193438926409,0.9628574256269631,0.7043030837889005
2022-08-22,0.99419937543162,0.9628574256269631,0.7040041208407971
2022-08-23,0.9922625389281348,0.9628574256269631,0.7026326244251446
2022-08-24,0.9814766465771709,0.9628574256269631,0.6949950088224118
2022-08-25,0.9809859082538824,0.9628574256269631,0.6994103724005586
2022-08-26,0.9809859082538824,0.9628574256269631,0.697478412181463
2022-08-29,0.9809859082538824,0.9628574256269631,0.7039124210396499
2022-08-30,1.005554133577308,0.9628574256269631,0.721893457161055
2022-08-31,1.005802285275957,0.9626136118746453,0.7220716067819023
2022-09-01,0.98562684851908,0.9433044988093898,0.7075875374475721
2022-09-02,0.9745013721404451,0.9428328465599852,0.699600489970611
2022-09-05,0.9740141214543749,0.9428328465599852,0.6859435799163702
2022-09-06,0.9740141214543749,0.9428328465599852,0.6750156283204938
2022-09-07,0.9740141214543749,0.9428328465599852,0.687945509714695
2022-09-08,0.9740141214543749,0.9428328465599852,0.6906152506006357
2022-09-09,0.9740141214543749,0.9428328465599852,0.6765459887993067
2022-09-12,0.9740141214543749,0.9428328465599852,0.6832434758841271
2022-09-13,0.9740141214543749,0.9428328465599852,0.6958934255142585
2022-09-14,0.9693107560740978,0.9428328465599852,0.6928810091954827
2022-09-15,0.9608529565926384,0.9428328465599852,0.6868352198512874
2022-09-16,0.9603725301143421,0.9428328465599852,0.6840774353711511
2022-09-19,0.9603725301143421,0.9428328465599852,0.6872895076467894
2022-09-20,0.9603725301143421,0.9428328465599852,0.6939606052102698
2022-09-21,0.9766034925626803,0.9428328465599852,0.7060360014875102
2022-09-22,0.9940181069625851,0.9591738525696026,0.7186259060004376
2022-09-23,1.0113598360605753,0.9759076856785037,0.7311631180465422
2022-09-26,1.0315501776710412,0.9953902761982918,0.7457597359860437
2022-09-27,1.0418751585974035,1.005353325828352,0.7532241863020617
2022-09-28,1.020496664008875,0.9847242317776649,0.7377685925508053
2022-09-29,1.0193405871730288,0.9836086799937103,0.7369328062027026
2022-09-30,1.0245472649143104,0.9886328431484982,0.740696976576333
2022-10-03,1.0197801394862458,0.9840328242650481,0.7372505807755274
2022-10-04,1.0335967467089966,0.9973651049211647,0.7472393041335369
2022-10-05,1.029117574128705,0.9930429450026795,0.7440010839933826
2022-10-06,1.0165771536423616,0.9809421157054306,0.7349349804983843
2022-10-07,1.038068150804473,1.0016797686708616,0.7504719080435648
2022-10-10,1.0485261367538243,1.011771160973372,0.758032514409939
2022-10-11,1.0524860704768955,1.015592283404114,0.76089535054895
2022-10-12,1.0669765334564139,1.0295747985154862,0.7713712382758263
2022-10-13,1.0837253008647223,1.045736455580174,0.7834797683608213
2022-10-14,1.0896744258797155,1.0514770403040135,0.7877806913760701
2022-10-17,1.053556622557187,1.0166253084124486,0.7616693067306648
2022-10-18,1.0443695977011491,1.0077603250051088,0.7550275423459167
2022-10-19,1.0384418201328143,1.0020403394157422,0.7507420524783021
2022-10-20,1.0379225992227479,0.9890201714324369,0.7409871681179596
2022-10-21,1.0379225992227479,0.9924694301947831,0.7435713990125784
2022-10-24,1.0379225992227479,1.0098802527125863,0.7566158205974143
2022-10-25,1.031103261174543,1.003750098048049,0.7520230265612504
2022-10-26,1.0155615380511516,0.9886206665969549,0.7406878537407163
2022-10-27,1.015053757282126,1.0178045584975626,0.7625528166997344
2022-10-28,1.008857500562331,1.012100412167529,0.758279193817503
2022-10-31,0.9922868939186708,0.9954765403079587,0.7458243662131903
2022-11-01,0.9962913695842222,0.999493888119082,0.7488342170371606
2022-11-02,1.0029483696237909,1.0061722866838856,0.75383776275143
2022-11-03,0.9937926759842356,0.9969871626191803,0.7469561446953892
2022-11-04,1.0055550528981612,1.008787348984468,0.7557970024762924
2022-11-07,0.9994173781492578,1.0026299450501635,0.7511837929220012
2022-11-08,0.9872775193445696,0.990451063401336,0.7420592115590772
2022-11-09,0.9867838805848974,0.9936258537517064,0.7444378070407871
2022-11-10,0.9867838805848974,1.005109225625329,0.7530413031583203
2022-11-11,0.9782574706348566,0.9969270282160778,0.746911091194613
2022-11-14,0.9834842815829934,1.0022535902531575,0.7509018228638608
2022-11-15,0.98288563704142,1.0016435208780663,0.7504447507113792
2022-11-16,1.023245629045005,1.042773763267983,0.7812600795720319
2022-11-17,1.0138548299657877,1.033203745456064,0.7740900939619086
2022-11-18,1.0344171537397973,1.0541584909587352,0.7897896701456463
2022-11-21,1.034383175723733,1.054123864489123,0.7897637275305198
2022-11-22,1.0332721542684231,1.0529916397415753,0.7889154495746279
2022-11-23,1.044495430396251,1.0644291065157392,0.797484552976388
2022-11-24,1.0583909625706054,1.0785898280148247,0.8080939553174111
2022-11-25,1.0780868272370068,1.098661578468495,0.8231319797757946
2022-11-28,1.0838170744627866,1.104501184614342,0.8275070909675798
2022-11-29,1.0754977619939963,1.0960231022022244,0.8211551979940249
2022-11-30,1.0681802966379277,1.0885659866570037,0.8155682270810065
2022-12-01,1.0765825171208239,1.0971285593414668,0.8219834212990124
2022-12-02,1.086133656505441,1.1068619774738164,0.8292758286192309
2022-12-05,1.1083772396726903,1.1295300683695721,0.8462590661351646
2022-12-06,1.1156698934159919,1.136961898784729,0.8518270930898465
2022-12-07,1.1331454859065422,1.1547710042716652,0.8651699136132804
2022-12-08,1.1582754014645138,1.1803805117771597,0.8843568998765716
2022-12-09,1.1617638186503139,1.1839355036710224,0.8870203474504471
2022-12-12,1.1386479644670504,1.160378494900477,0.8693711207486954
2022-12-13,1.1207876345320702,1.1421773094462189,0.8557345486587582
2022-12-14,1.0992217650606442,1.1201998660753116,0.8392687535250803
2022-12-15,1.1247769040092122,1.1462427121484537,0.8587804028512211
2022-12-16,1.1122900388419794,1.1335175413661387,0.8492465343476613
2022-12-19,1.1324311366448425,1.1540430220093756,0.8646244995453419
2022-12-20,1.1425550389865418,1.1643601339951497,0.8723542181237024
2022-12-21,1.1711436904610117,1.1934943856729339,0.8941819899624611
2022-12-22,1.1885381398431798,1.2112207994755966,0.9074628567677339
2022-12-23,1.187667042479538,1.2103330776517514,0.9067977636793139
2022-12-26,1.1851750534171992,1.2077935302168086,0.9048951007039026
2022-12-27,1.1874199405371102,1.2100812598915751,0.9066090984383163
2022-12-28,1.1911705623546305,1.2139034604622247,0.9094727423341962
2022-12-29,1.1831804130851022,1.2057608231654156,0.9033721693369482
2022-12-30,1.1834682020918694,1.2060541044823303,0.9035918996303839
2023-01-02,1.2112825571038497,1.2343992826345047,0.9248284870079282
2023-01-03,1.18358719931217,1.2061753727054325,0.903682755408471
2023-01-04,1.188709970130984,1.211395909059035,0.9075940512146121
2023-01-05,1.1745338213804657,1.1969492155559107,0.8967703948153256
2023-01-06,1.178438008847453,1.2009279125001173,0.8997512878917705
2023-01-09,1.193210795482077,1.2159826304248047,0.9110304843369472
2023-01-10,1.193083674561402,1.2158530834645445,0.9109334260180229
2023-01-11,1.20690966348367,1.229942934513144,0.9214897312676766
2023-01-12,1.1811698478525765,1.2037118872947845,0.9018370791211087
2023-01-13,1.2004580489627994,1.2233681941359371,0.9165638476568689
2023-01-16,1.1911978315968312,1.2139312501243584,0.9094935627215277
2023-01-17,1.202464372873934,1.2254128077416662,0.9180956995739136
2023-01-18,1.2063838947680272,1.2294071317628978,0.9210883006659129
2023-01-19,1.164311002438192,1.1865312991954065,0.8889651522483525
2023-01-20,1.1528586034358637,1.1748603368505683,0.8802211108355392
2023-01-23,1.1522821741341458,1.1793181063020985,0.8835609314554038
2023-01-24,1.1522821741341458,1.2061000566416082,0.9036263276040047
2023-01-25,1.157159693614371,1.2118084329983438,0.9079031196789357
2023-01-26,1.1621551913273132,1.2170398511759497,0.9118225682934676
2023-01-27,1.1401942328840957,1.1940417509266286,0.8945920833467796
2023-01-30,1.1640841975610337,1.2190599578511376,0.9133360592896884
2023-01-31,1.1947461777907675,1.2511699997233725,0.9373933330261744
2023-02-01,1.196061182198045,1.252547107342107,0.9384250805112857
2023-02-02,1.193221999911907,1.249573840077314,0.9361974688262723
2023-02-03,1.1672966446372979,1.2224241179398965,0.9158565331174916
2023-02-06,1.182649203839715,1.238501726598633,0.9279020930102605
2023-02-07,1.2291082673893667,1.2871548946180125,0.964353698581088
2023-02-08,1.2423795139711098,1.301052897298977,0.9747662684623962
2023-02-09,1.2654405885624438,1.3252030684620382,0.9928599003786823
2023-02-10,1.275973702017108,1.3362336252473528,1.0011241413630463
2023-02-13,1.2593797685580124,1.3188560164235126,0.9881046039228852
2023-02-14,1.284067494155697,1.34470965981942,1.0074745000673884
2023-02-15,1.262948063308889,1.3225928296692537,0.9909042744905109
2023-02-16,1.2601104957476403,1.3196212533873464,0.9886779297125394
2023-02-17,1.2659253244886246,1.325710696826874,0.9932402223532799
2023-02-20,1.2825676841515394,1.3431390188603862,1.0062977548098284
2023-02-21,1.2909622507935536,1.3519300324986037,1.012884100052145
2023-02-22,1.2988815580028512,1.360223341808191,1.0190975585407993
2023-02-23,1.2860078386972185,1.3467416402723456,1.0089968870570325
2023-02-24,1.2638865303614022,1.3235756173472228,0.9916405921909929
2023-02-27,1.2658606553082432,1.3256429735397828,0.9931894831589064
2023-02-28,1.2542145547730303,1.3134468670576807,0.9840519967200312
2023-03-01,1.2323224072757355,1.290520827462573,0.9668755005812975
2023-03-02,1.21152182320921,1.268737902147939,0.9505554409824744
2023-03-03,1.2040796219084227,1.2609442308455832,0.9447163179854068
2023-03-06,1.174073553879413,1.22952107768934,0.9211736704812024
2023-03-07,1.1734865171024733,1.2289063171504953,0.9045920096065958
2023-03-08,1.1734865171024733,1.2289063171504953,0.8847384874460941
2023-03-09,1.1734865171024733,1.2289063171504953,0.887620014153675
2023-03-10,1.1734865171024733,1.2289063171504953,0.8933295222019644
2023-03-13,1.1734865171024733,1.2289063171504953,0.9194314520611456
2023-03-14,1.1493579283578725,1.2036382167505169,0.9009863205117157
2023-03-15,1.1487832493936936,1.2030363976421417,0.8930796025582297
2023-03-16,1.1487832493936936,1.2030363976421417,0.9051967079724261
2023-03-17,1.1487832493936936,1.2030363976421417,0.9030856899794275
2023-03-20,1.1487832493936936,1.2030363976421417,0.8995903315650049
2023-03-21,1.1487832493936936,1.2030363976421417,0.922020860334179
2023-03-22,1.1435797831223198,1.1975871892543366,0.9183055351059144
2023-03-23,1.1260059060481873,1.179183357392209,0.9041935432461208
2023-03-24,1.1254429030951631,1.178593765713513,0.8882971137174039
2023-03-27,1.1254429030951631,1.178593765713513,0.8931066432350996
2023-03-28,1.1254429030951631,1.178593765713513,0.8975594677599343
2023-03-29,1.1254429030951631,1.178593765713513,0.8811038922266425
2023-03-30,1.1254429030951631,1.178593765713513,0.8696405772746683
2023-03-31,1.1254429030951631,1.178593765713513,0.8767886520485932
2023-04-03,1.1254429030951631,1.178593765713513,0.8845222851367762
2023-04-04,1.1254429030951631,1.178593765713513,0.8772066516120559
2023-04-05,1.1254429030951631,1.178593765713513,0.8855010350572206
2023-04-06,1.1254429030951631,1.178593765713513,0.8932438307334954
2023-04-07,1.1254429030951631,1.178593765713513,0.871831739375361
2023-04-10,1.1254429030951631,1.178593765713513,0.8686389430347699
2023-04-11,1.1254429030951631,1.178593765713513,0.8743137663470566
2023-04-12,1.1254429030951631,1.178593765713513,0.867934500706117
2023-04-13,1.1254429030951631,1.178593765713513,0.8429192846162454
2023-04-14,1.1254429030951631,1.178593765713513,0.8401739884792395
2023-04-17,1.1254429030951631,1.178593765713513,0.8496617284712047
2023-04-18,1.1254429030951631,1.178593765713513,0.8692788692138272
2023-04-19,1.1254429030951631,1.178593765713513,0.8436122964955243
2023-04-20,1.1254429030951631,1.178593765713513,0.8756614324150294
2023-04-21,1.1254429030951631,1.178593765713513,0.8625556037276192
2023-04-24,1.1254429030951631,1.178593765713513,0.8748016781358148
2023-04-25,1.1254429030951631,1.178593765713513,0.8906717738599905
2023-04-26,1.1412748757574356,1.1951734289086733,0.9036464803049725
2023-04-27,1.144468810433801,1.1985182023194858,0.9061753958974639
2023-04-28,1.1267988777588342,1.1800137784753093,0.8921845749233647
2023-05-01,1.137522422910206,1.1912437604024204,0.9006753373490225
2023-05-02,1.1269775555279324,1.1802008945912417,0.8923260496378125
2023-05-03,1.088631704190846,1.14004409836233,0.8619643074045412
2023-05-04,1.0880873883387505,1.1394740763131488,0.897415031946778
2023-05-05,1.099153183245598,1.1510624712943662,0.9069904059385081
2023-05-08,1.1282786240556224,1.18156340818592,0.9310239035310993
2023-05-09,1.1147502741011888,1.16739616000937,0.919860688245111
2023-05-10,1.1386865510127817,1.1924628663387717,0.9396122332013807
2023-05-11,1.1651311061493663,1.220156308391967,0.9614335390610161
2023-05-12,1.1916004404620228,1.2478756998579295,0.983275292002375
2023-05-15,1.1920808849362003,1.2483788340999953,0.9836717413192742
2023-05-16,1.173001624075197,1.2283985242652111,0.9679280699028566
2023-05-17,1.1709127523999847,1.226211002244316,0.9662043915316036
2023-05-18,1.1361493790876298,1.1898058723630638,0.9375186300263126
2023-05-19,1.1101738602094513,1.1626036175647088,0.9160843597436069
2023-05-22,1.1123821276985288,1.16491617406002,0.917906560194708
2023-05-23,1.0978175881702728,1.1496638005799598,0.9058883103088876
2023-05-24,1.0972686793761877,1.1478232198191956,0.9044380075381866
2023-05-25,1.0972686793761877,1.147249308209286,0.9036912533423896
2023-05-26,1.0972686793761877,1.147249308209286,0.9291014597797388
2023-05-29,1.1176184861637788,1.168526049446928,0.9467970092139162
2023-05-30,1.1176987159695078,1.1686099337232683,0.9468649763610727
2023-05-31,1.1375723191220442,1.1893887802327079,0.9637010150093887
2023-06-01,1.1260100589733908,1.177299858707654,0.9539059789894726
2023-06-02,1.121496444549009,1.1725806489796964,0.9500822442439799
2023-06-05,1.1366746715829033,1.1884502448150376,0.9629405676689872
2023-06-06,1.1178685557828951,1.1687875097464224,0.9470088571480778
2023-06-07,1.1142907086685416,1.165046691563993,0.9439778631288914
2023-06-08,1.0946407472430852,1.144501673670554,0.9273312838720907
2023-06-09,1.0940934268694638,1.1471882362302799,0.9295080683757982
2023-06-12,1.1196239174855815,1.1745312796300718,0.9516627406879664
2023-06-13,1.1086726450660773,1.1630429469787436,0.9423543311747336
2023-06-14,1.1129629657195417,1.1675436688090288,0.946001036329689
2023-06-15,1.0998384339955118,1.1537754982656654,0.934845390549286
2023-06-16,1.0830375131775738,1.136150645206459,0.9205648717947494
2023-06-19,1.082495994420985,1.1174441050911974,0.9054079172345557
2023-06-20,1.082495994420985,1.1168853830386518,0.9246840471949819
2023-06-21,1.082495994420985,1.1546929773633283,0.9564477920892425
2023-06-22,1.0900632114187874,1.1633422357764696,0.9636120896771158
2023-06-23,1.079942269044526,1.152540917461623,0.9546652118001254
2023-06-26,1.0914161443589971,1.164786119044001,0.9648080776932708
2023-06-27,1.0870803654153958,1.1601588692503706,0.9609752641789208
2023-06-28,1.100115435317934,1.174070216046658,0.9724982206609798
2023-06-29,1.105379844335935,1.1796885226667593,0.9771519399330469
2023-06-30,1.1104939146886932,1.1851463841703616,0.9816727603476382
2023-07-03,1.1207596892855176,1.1961022709908176,0.9907476694059164
2023-07-04,1.112482315171489,1.1872684540091043,0.9834304994624625
2023-07-05,1.1069767922171596,1.181392824673378,0.9785636363088279
2023-07-06,1.0813770234211635,1.15407212257599,0.9559335296816595
2023-07-07,1.0754606468483765,1.147758020166348,0.9507034733574948
2023-07-10,1.0749229165249523,1.125917021894995,0.9326122794356603
2023-07-11,1.0749229165249523,1.1253540633840475,0.9313768865119416
2023-07-12,1.0749229165249523,1.1253540633840475,0.9196169099480174
2023-07-13,1.0749229165249523,1.1253540633840475,0.9215660608949724
2023-07-14,1.0749229165249523,1.1253540633840475,0.9280817422865482
2023-07-17,1.0749229165249523,1.1253540633840475,0.9104491937920977
2023-07-18,1.0749229165249523,1.1253540633840475,0.9007720148917244
2023-07-19,1.0749229165249523,1.1253540633840475,0.8895767815927862
2023-07-20,1.0749229165249523,1.1253540633840475,0.8995518827564577
2023-07-21,1.0749229165249523,1.1253540633840475,0.9219452127970096
2023-07-24,1.0749229165249523,1.1253540633840475,0.9336552999838923
2023-07-25,1.0698889542747307,1.12008392746442,0.9297497345417055
2023-07-26,1.0693540097975935,1.1440947434054203,0.9496804283048154
2023-07-27,1.0471233564393074,1.1208823625927677,0.930412492778323
2023-07-28,1.0465997947610879,1.1454610407168881,0.9508145527498629
2023-07-31,1.0372315900088391,1.1357806509721031,0.942779137211093
2023-08-01,0.998332518010042,1.0931857148531328,0.907422295122408
2023-08-02,0.997833351751037,1.0926391219957063,0.9423900018613023
2023-08-03,1.0203385377808143,1.11728256236656,0.9641159106551452
2023-08-04,1.0064085472616913,1.1020290607838423,0.9509534895591317
2023-08-07,1.0094990532212942,1.1054132007429822,0.953873702662234
2023-08-08,1.0071768596663642,1.102870371800143,0.9516794664641205
2023-08-09,1.009325534152805,1.1052231953454767,0.9537097448300654
2023-08-10,0.9892742452387049,1.0832668008478004,0.9347633207213842
2023-08-11,0.9887796081160856,1.0737319408707582,0.9265355809182464
2023-08-14,0.9887796081160856,1.073195074900323,0.9332787340276688
2023-08-15,0.9887796081160856,1.0767634949464997,0.9368485655552357
2023-08-16,1.0057304281369304,1.0957610197204248,0.9533775470048121
2023-08-17,1.007559001386412,1.0977532824902778,0.955110934630698
2023-08-18,1.0419768007175498,1.1352520812106102,0.9877371296643004
2023-08-21,1.0323104413615527,1.1247204123969972,0.9785739486433591
2023-08-22,1.0367907144274244,1.129601748832626,0.9828210029493176
2023-08-23,1.0100518236088407,1.100469256218437,0.9574739940241984
2023-08-24,0.9931811309545101,1.082088339355313,0.9414814982926603
2023-08-25,0.9926845403890329,1.1031747784373103,0.9598279599802555
2023-08-28,0.9798576190108499,1.0894717506152711,0.9479055071676454
2023-08-29,0.9878557912505194,1.0983646576485109,0.955642867541402
2023-08-30,0.9876930139286523,1.0981836708496389,0.9554853982143833
2023-08-31,0.9740359858435657,1.08299886643787,0.9422737112486125
2023-09-01,0.9735489678506439,1.0784862434379185,0.938347459658326
2023-09-04,0.9735489678506439,1.0779470003161997,0.9322686606121547
2023-09-05,0.9735489678506439,1.0779470003161997,0.9265777067024838
2023-09-06,0.9735489678506439,1.0779470003161997,0.937061043941689
2023-09-07,0.9735489678506439,1.0779470003161997,0.9463204484841198
2023-09-08,0.9659000221047304,1.0694778237316955,0.9393585910485064
2023-09-11,0.965417072093678,1.056721377714811,0.928154172507694
2023-09-12,0.965417072093678,1.0561930170259537,0.9324826783397546
2023-09-13,0.965417072093678,1.0561930170259537,0.9318299678140187
2023-09-14,0.965417072093678,1.0561930170259537,0.9460035432462192
2023-09-15,1.0021999213283137,1.096434472901276,0.982519729577645
2023-09-18,1.014807000503674,1.1102269667104356,0.9948792436411881
2023-09-19,1.0150239652832789,1.1104643321888215,0.9950919478851704
2023-09-20,1.013291160280012,1.1085685955199547,0.9933931699597403
2023-09-21,1.001911715054411,1.0961191672548796,0.9822371828080126
2023-09-22,0.9899671394010098,1.0830514706487888,0.9705271626901255
2023-09-25,0.9768410363374214,1.0686911503299663,0.9576588168062504
2023-09-26,0.9721297084907923,1.0635368271712324,0.9530400052664467
2023-09-27,0.971643643636547,1.0579361428008907,0.9480212074914761
2023-09-28,0.971643643636547,1.0697577328984933,0.9586145861136751
2023-09-29,0.9664219634617198,1.0645436596853122,0.9539422322885923
2023-10-02,0.9659387524799891,1.0623483930544064,0.9519750442533229
