,Rolling-beta pairs trade,50/50 buy and hold
2018-03-27,1.0,0.9986012163489599
2018-03-28,1.0,0.9944079147623403
2018-03-29,1.0,1.0116953811816838
2018-03-30,1.0,1.0053767644215545
2018-04-02,1.000993162669141,0.9968291370201854
2018-04-03,1.0011909063443956,0.9945314701553211
2018-04-04,1.0015647018709435,1.0048316513473845
2018-04-05,0.9983098525080091,1.0228763309310678
2018-04-06,0.9986110812686032,1.0070311019051028
2018-04-09,1.005498517973385,0.9890909137326015
2018-04-10,1.0078711945293475,0.9937375988226311
2018-04-11,1.00420369574001,0.9762032733761932
2018-04-12,1.0027329917307477,0.9731309913698418
2018-04-13,0.9960821944271355,0.9804015086076945
2018-04-16,0.9968069179243687,0.9936470090596778
2018-04-17,0.99425064419691,1.00471081145917
2018-04-18,0.9994241305643342,0.9946706689492952
2018-04-19,0.9948652361810538,0.9964724891488163
2018-04-20,0.9847218753271855,1.006519710559438
2018-04-23,0.984232566893892,1.024459013040326
2018-04-24,0.9834668395018834,1.0207121893117237
2018-04-25,0.9833199614067816,1.0175335526436866
2018-04-26,0.9771773444622095,1.0306512899678464
2018-04-27,0.9821761265444993,1.0220123334736464
2018-04-30,0.9831670502125062,1.0181354386910157
2018-05-01,0.9789775786036043,1.009315445845302
2018-05-02,0.9772177885921465,1.0124438171248757
2018-05-03,0.9782670490947898,1.0042224775448962
2018-05-04,0.9820334312665454,1.0157475763254213
2018-05-07,0.9861855160141153,1.0189463026867402
2018-05-08,0.9864733144085077,1.018404657961155
2018-05-09,0.9901137556536184,1.0228687757972375
2018-05-10,0.9933784615400764,1.011846845422051
2018-05-11,0.9928817723093064,1.0211725129165106
2018-05-14,0.9928817723093064,1.0261508897198248
2018-05-15,0.9928817723093064,1.0250823469774837
2018-05-16,0.9928817723093064,1.0112393034025402
2018-05-17,0.9928817723093064,1.0184078102757856
2018-05-18,0.9928817723093064,0.9959336687455357
2018-05-21,0.9928817723093064,0.9785480841143838
2018-05-22,0.9928817723093064,0.9696487196971587
2018-05-23,0.9928817723093064,0.9686156307697509
2018-05-24,0.9928817723093064,0.9837151839984456
2018-05-25,0.9928817723093064,1.0157780680563175
2018-05-28,0.9928817723093064,1.005185096853724
2018-05-29,0.9928817723093064,1.0025447702620958
2018-05-30,0.9928817723093064,1.0036751806776345
2018-05-31,0.9928817723093064,1.007420988149726
2018-06-01,0.9928817723093064,1.0138023478111853
2018-06-04,0.9928817723093064,1.0021086856593957
2018-06-05,0.9928817723093064,1.0137860847214186
2018-06-06,0.9928817723093064,1.01680311101813
2018-06-07,0.9928817723093064,1.01429142517836
2018-06-08,0.9928817723093064,1.0128446420243549
2018-06-11,0.9928817723093064,1.007330399320023
2018-06-12,0.9928817723093064,0.9978350636136626
2018-06-13,0.9928817723093064,1.0032456114947537
2018-06-14,0.9928817723093064,0.9939826338084288
2018-06-15,0.9928817723093064,1.004387362238556
2018-06-18,0.9928817723093064,1.0014809230796842
2018-06-19,0.9928817723093064,0.9884054701999255
2018-06-20,0.9928817723093064,0.9879617453153519
2018-06-21,0.9928817723093064,0.9903467020089585
2018-06-22,0.9928817723093064,0.972259197183175
2018-06-25,0.9928817723093064,0.9617128193190733
2018-06-26,0.9928817723093064,0.9701541362160585
2018-06-27,0.9928817723093064,0.9476039443036425
2018-06-28,0.9928817723093064,0.9501467334091128
2018-06-29,0.9928817723093064,0.9333653563388903
2018-07-02,0.9928817723093064,0.9462114641385923
2018-07-03,0.9928817723093064,0.9303246666442029
2018-07-04,0.9928817723093064,0.9435046737454887
2018-07-05,0.9928817723093064,0.9403882689750651
2018-07-06,0.9928817723093064,0.9206975366602882
2018-07-09,0.9928817723093064,0.9384876659325169
2018-07-10,0.9928817723093064,0.9501032537452597
2018-07-11,0.9928817723093064,0.9418552338054305
2018-07-12,0.9928817723093064,0.9376065366541699
2018-07-13,0.9928817723093064,0.9417552963590666
2018-07-16,0.9928817723093064,0.9399925572462714
2018-07-17,0.9928817723093064,0.9466998391728053
2018-07-18,0.9928817723093064,0.9440143489785728
2018-07-19,0.9928817723093064,0.9472571676704636
2018-07-20,0.9928817723093064,0.9361589731070917
2018-07-23,0.9928817723093064,0.9324456897018509
2018-07-24,0.9928817723093064,0.9209515038362925
2018-07-25,0.9928817723093064,0.9283578998596972
2018-07-26,0.9928817723093064,0.9241735482412782
2018-07-27,0.9928817723093064,0.9328669113939165
2018-07-30,0.9928817723093064,0.9331812926508486
2018-07-31,0.9928817723093064,0.9241200131939672
2018-08-01,0.9928817723093064,0.9192187431783861
2018-08-02,0.9928817723093064,0.9209978851465406
2018-08-03,0.9928817723093064,0.9222360334067622
2018-08-06,0.9928817723093064,0.9238824017034654
2018-08-07,0.9928817723093064,0.9276656972176024
2018-08-08,0.9928817723093064,0.9184734282493755
2018-08-09,0.9928817723093064,0.923380317042633
2018-08-10,1.0004163854122405,0.9314008239571956
2018-08-13,0.9967066784449943,0.9289772327712109
2018-08-14,0.9981277087273357,0.9168895530251124
2018-08-15,0.9905659626693663,0.9289218730803718
2018-08-16,0.9854673221000187,0.9489996760983154
2018-08-17,0.9954729946278154,0.923388039821653
2018-08-20,1.0016742434156507,0.9149505186428589
2018-08-21,0.9986913075680565,0.9123346420985199
2018-08-22,0.9943522475328812,0.900831038787205
2018-08-23,0.9922495889603054,0.9097166398643637
2018-08-24,0.9942434609022133,0.9077203992466034
2018-08-27,0.9932201968126985,0.9095048953834369
2018-08-28,0.9910099973735524,0.9054102611708603
2018-08-29,0.9932021833116523,0.9073180924019572
2018-08-30,0.988869862325565,0.9070554799177237
2018-08-31,1.0046473457945975,0.8922025255408065
2018-09-03,1.0041450221217003,0.8857639265036696
2018-09-04,1.0041450221217003,0.8696281470359162
2018-09-05,1.0041450221217003,0.8850152297180487
2018-09-06,1.0041450221217003,0.8789347447524072
2018-09-07,1.0041450221217003,0.8760173664581961
2018-09-10,1.0041450221217003,0.8774251438741888
2018-09-11,1.0041450221217003,0.8687394030609668
2018-09-12,1.0041450221217003,0.8599152959442206
2018-09-13,0.9941276900375065,0.8571094422323183
2018-09-14,0.9943555829397087,0.8553076520827078
2018-09-17,0.9980368145197857,0.8573647398593544
2018-09-18,1.0048905652405584,0.8633538920055452
2018-09-19,1.0046895787761612,0.8722121562456877
2018-09-20,1.0116986371878853,0.8834852420940307
2018-09-21,1.0116641795323515,0.8865943188513722
2018-09-24,1.0105175512851268,0.8814059422305954
2018-09-25,1.0131745254625444,0.8731930276937243
2018-09-26,1.0197100868005695,0.8862826679575446
2018-09-27,1.0192002317571693,0.8918547976660044
2018-09-28,1.0192002317571693,0.889014410359206
2018-10-01,1.0192002317571693,0.8923359125300065
2018-10-02,1.0192002317571693,0.8990431587447482
2018-10-03,1.0192002317571693,0.9008967163156716
2018-10-04,1.0192002317571693,0.9143436514524641
2018-10-05,1.0192002317571693,0.9081122666910583
2018-10-08,1.0192002317571693,0.923393775379552
2018-10-09,1.0192002317571693,0.9081434054626538
2018-10-10,1.0192002317571693,0.9174634670826335
2018-10-11,1.0192002317571693,0.9238076240134167
2018-10-12,1.0192002317571693,0.928803630695263
2018-10-15,1.0192002317571693,0.956671836101814
2018-10-16,1.0192002317571693,0.9713555122455257
2018-10-17,1.0192002317571693,0.9707460624552317
2018-10-18,1.0192002317571693,0.9599665071589072
2018-10-19,1.0192002317571693,0.9618644809514978
2018-10-22,1.0192002317571693,0.9495318995864368
2018-10-23,1.0192002317571693,0.9509312291234311
2018-10-24,1.0192002317571693,0.9576115138176994
2018-10-25,1.0192002317571693,0.9424845270711296
2018-10-26,1.0192002317571693,0.9218154368408995
2018-10-29,1.0192002317571693,0.9133624786620359
2018-10-30,1.0192002317571693,0.9124019334294012
2018-10-31,1.0192002317571693,0.89837368940416
2018-11-01,1.0211446983117154,0.9014257151719846
2018-11-02,1.0184538192294457,0.8909808915072678
2018-11-05,1.0165587502045808,0.8756299908768009
2018-11-06,1.016296817103883,0.8740832174243618
2018-11-07,1.0194167660900821,0.8686684622249515
2018-11-08,1.0141456472534527,0.8491201636961189
2018-11-09,1.0054846250122274,0.8454295544867249
2018-11-12,1.0015706410662002,0.8412406668830879
2018-11-13,0.9924968236877246,0.8360518580580613
2018-11-14,0.9912781111452147,0.826039450650785
2018-11-15,1.0021819665091807,0.83151883333384
2018-11-16,1.0006459423883676,0.820591652390597
2018-11-19,1.0071091824871115,0.8192131719729978
2018-11-20,1.0019592808189897,0.8157687661043588
2018-11-21,1.0067019347873345,0.8134461216451848
2018-11-22,1.0059396150985078,0.816449892144146
2018-11-23,1.0062870923963767,0.8206119253159196
2018-11-26,1.0049362637788932,0.8408097593209927
2018-11-27,1.017000060219597,0.8405056522365307
2018-11-28,1.0164915601894873,0.8493839263549993
2018-11-29,1.0164915601894873,0.8501836415649754
2018-11-30,1.0164915601894873,0.8459171935652221
2018-12-03,1.0164915601894873,0.8386455718503898
2018-12-04,1.0164915601894873,0.8346628974524702
2018-12-05,1.0164915601894873,0.84547458018649
2018-12-06,1.0164915601894873,0.8451650122363017
2018-12-07,1.0164915601894873,0.8552807216754635
2018-12-10,1.0164915601894873,0.8429577177959876
2018-12-11,1.0164915601894873,0.8510812292455682
2018-12-12,1.0164915601894873,0.8561200099197042
2018-12-13,1.0164915601894873,0.8375261861608029
2018-12-14,1.0164915601894873,0.8287178012377568
2018-12-17,1.0164915601894873,0.813171218987983
2018-12-18,1.0164915601894873,0.7833500502246775
2018-12-19,1.0164915601894873,0.7811274550589181
2018-12-20,1.0164915601894873,0.8035455431425284
2018-12-21,1.0107651062033518,0.8096860231922078
2018-12-24,1.0139184280481934,0.7955778327821874
2018-12-25,1.0163421368600054,0.7848175397020056
2018-12-26,1.019920543984022,0.7915951539355902
2018-12-27,1.0147718802349421,0.7981290605022444
2018-12-28,1.0188441414047622,0.7948244508099316
2018-12-31,1.0219209996538638,0.7916408326142045
2019-01-01,1.016923164038735,0.7968180078777243
2019-01-02,1.0132823196346135,0.8073373430615545
2019-01-03,1.015954746407717,0.8097715503071745
2019-01-04,1.021924976237461,0.8062133100980042
2019-01-07,1.0282893830894646,0.7916812747748646
2019-01-08,1.02777523839792,0.7930625109653117
2019-01-09,1.02777523839792,0.7787507435134233
2019-01-10,1.02777523839792,0.7919055523736193
2019-01-11,1.02777523839792,0.781091892560699
2019-01-14,1.02777523839792,0.7838427280122091
2019-01-15,1.02777523839792,0.7939678633134949
2019-01-16,1.02777523839792,0.7905621365730491
2019-01-17,1.02777523839792,0.7980227587640824
2019-01-18,1.02777523839792,0.8137402731136341
2019-01-21,1.02777523839792,0.8163033238499313
2019-01-22,1.02777523839792,0.8184846373680463
2019-01-23,1.02777523839792,0.8169198299487883
2019-01-24,1.02777523839792,0.7974412718089764
2019-01-25,1.02777523839792,0.7921888629056113
2019-01-28,1.02777523839792,0.7997547748763909
2019-01-29,1.02777523839792,0.7894593247538337
2019-01-30,1.02777523839792,0.7776219062347466
2019-01-31,1.02777523839792,0.7758143529437633
2019-02-01,1.02777523839792,0.7748613434791406
2019-02-04,1.02777523839792,0.7855704898276158
2019-02-05,1.02777523839792,0.7905592341903742
2019-02-06,1.02777523839792,0.7906356978224189
2019-02-07,1.02777523839792,0.808541242916258
2019-02-08,1.02777523839792,0.794964862774058
2019-02-11,1.02777523839792,0.7934424083912542
2019-02-12,1.02777523839792,0.7781557901681353
2019-02-13,1.02777523839792,0.7915255797359165
2019-02-14,1.02777523839792,0.8009573479945237
2019-02-15,1.02777523839792,0.8045304863608622
2019-02-18,1.02777523839792,0.8077846579563976
2019-02-19,1.02777523839792,0.8139815268736468
2019-02-20,1.02777523839792,0.8185148409670332
2019-02-21,1.02777523839792,0.8143209011028439
2019-02-22,1.02777523839792,0.8240669581735612
2019-02-25,1.02777523839792,0.8366008951381757
2019-02-26,1.02777523839792,0.840786683918239
2019-02-27,1.02777523839792,0.8469222587050945
2019-02-28,1.02777523839792,0.8595873622514653
2019-03-01,1.0232729573367798,0.858450845880191
2019-03-04,1.022287001337825,0.853786354931667
2019-03-05,1.0268049576319984,0.8646202916391186
2019-03-06,1.0311685100090544,0.8651818405196179
2019-03-07,1.0329074736338633,0.8641598934049513
2019-03-08,1.0323910198970463,0.8582167279308056
2019-03-11,1.0323910198970463,0.8531424232923595
2019-03-12,1.0323910198970463,0.8502275894068044
2019-03-13,1.0323910198970463,0.8546401059561395
2019-03-14,1.0323910198970463,0.8454085800900588
2019-03-15,1.0323910198970463,0.8437191884333913
2019-03-18,1.0323910198970463,0.8378420638240431
2019-03-19,1.0323910198970463,0.8383758599802321
2019-03-20,1.0323910198970463,0.8319627025281161
2019-03-21,1.0323910198970463,0.8322657151536906
2019-03-22,1.0323910198970463,0.8284033643676075
2019-03-25,1.0323910198970463,0.8369931940690657
2019-03-26,1.0323910198970463,0.8312760498966433
2019-03-27,1.0323910198970463,0.8349888508721468
2019-03-28,1.0323910198970463,0.8452200782813523
2019-03-29,1.0323910198970463,0.8467071352674171
2019-04-01,1.0323910198970463,0.8364316922333361
2019-04-02,1.0323910198970463,0.8449030320777839
2019-04-03,1.0323910198970463,0.8448482253442675
2019-04-04,1.0323910198970463,0.8332022181225128
2019-04-05,1.0323910198970463,0.8343544204990674
2019-04-08,1.0323910198970463,0.8467800460438151
2019-04-09,1.0323910198970463,0.8459906455110036
2019-04-10,1.0323910198970463,0.8411333307449874
2019-04-11,1.0323910198970463,0.8393656414446135
2019-04-12,1.0323910198970463,0.8380940425671513
2019-04-15,1.0323910198970463,0.8177728464355991
2019-04-16,1.0323910198970463,0.8069759845291109
2019-04-17,1.0323910198970463,0.808030972819497
2019-04-18,1.0356508311786154,0.8028379670853185
2019-04-19,1.0378502431305405,0.8177530966494487
2019-04-22,1.0366057628004293,0.8338676979963328
2019-04-23,1.0310448807355048,0.830229032953073
2019-04-24,1.0271727632096734,0.8320506692013317
2019-04-25,1.030296829649156,0.8579099189446121
2019-04-26,1.0327710018711809,0.858943988948199
2019-04-29,1.0346900538745112,0.8550791444929822
2019-04-30,1.0429893030500696,0.8506153219379772
2019-05-01,1.0424678083985446,0.8640605494486713
2019-05-02,1.0424678083985446,0.8824179237036859
2019-05-03,1.0424678083985446,0.8902445879213629
2019-05-06,1.0424678083985446,0.8836749328299187
2019-05-07,1.0424678083985446,0.8791841716984895
2019-05-08,1.0424678083985446,0.8709767845869673
2019-05-09,1.0424678083985446,0.8671548500227004
2019-05-10,1.0424678083985446,0.8655021709923287
2019-05-13,1.0424678083985446,0.8620459510445879
2019-05-14,1.0424678083985446,0.864139527471936
2019-05-15,1.0424678083985446,0.8623341251104638
2019-05-16,1.0424678083985446,0.8743452785888981
2019-05-17,1.0424678083985446,0.8708931807591735
2019-05-20,1.0424678083985446,0.8692286942783373
2019-05-21,1.0424678083985446,0.8721299412265953
2019-05-22,1.0424678083985446,0.8894361058526044
2019-05-23,1.0424678083985446,0.8996252438588407
2019-05-24,1.0424678083985446,0.8968130143766815
2019-05-27,1.0424678083985446,0.878226039367409
2019-05-28,1.0424678083985446,0.8726613958283057
2019-05-29,1.0424678083985446,0.8527940931147755
2019-05-30,1.0424678083985446,0.8451647142416535
2019-05-31,1.0424678083985446,0.8525644309570409
2019-06-03,1.0424678083985446,0.8533828344233282
2019-06-04,1.0424678083985446,0.8510387251885324
2019-06-05,1.0424678083985446,0.838684075671769
2019-06-06,1.0424678083985446,0.8391107074586743
2019-06-07,1.0424678083985446,0.8314808971116826
2019-06-10,1.0424678083985446,0.8358489819225339
2019-06-11,1.0424678083985446,0.844993901036905
2019-06-12,1.0424678083985446,0.8421574998021973
2019-06-13,1.052711167512184,0.8459086540597475
2019-06-14,1.0448644165846934,0.8269496077930113
2019-06-17,1.0446625677692338,0.8264266524868414
2019-06-18,1.0473888295240927,0.8277662523147756
2019-06-19,1.0494753303430124,0.818612469904276
2019-06-20,1.0466813062659066,0.8169933895030268
2019-06-21,1.050733070917185,0.8096761749585963
2019-06-24,1.0486455561850505,0.8195595725919432
2019-06-25,1.0461370550824063,0.8287178162102823
2019-06-26,1.0360101950269984,0.8291495201738809
2019-06-27,1.0382556473489208,0.8267174651714917
2019-06-28,1.0344301079285514,0.8282613813435958
2019-07-01,1.0341289272327479,0.8265460388442747
2019-07-02,1.0377104993948947,0.8267742425710016
2019-07-03,1.042588350199305,0.829265228638182
2019-07-04,1.0515359933605153,0.825405398960714
2019-07-05,1.0510102253638351,0.8132783470993965
2019-07-08,1.0510102253638351,0.8251510948451745
2019-07-09,1.0510102253638351,0.8305238449235409
2019-07-10,1.0510102253638351,0.8384870630791788
2019-07-11,1.0510102253638351,0.8536112851153184
2019-07-12,1.0510102253638351,0.8391350861788023
2019-07-15,1.0510102253638351,0.8320815768157453
2019-07-16,1.0510102253638351,0.8634221587316482
2019-07-17,1.0585834290018146,0.8588810737170909
2019-07-18,1.05665828052576,0.8573922759607043
2019-07-19,1.0617409987984596,0.8620916827700666
2019-07-22,1.0641273216740879,0.8619301427246
2019-07-23,1.071825832550187,0.8447721870978213
2019-07-24,1.0750581170829605,0.8346359400036714
2019-07-25,1.0748740164867194,0.841227489855043
2019-07-26,1.0681530639574905,0.8500522073909381
2019-07-29,1.0605510716774031,0.8424397815171727
2019-07-30,1.059534547964134,0.8519158091295157
2019-07-31,1.059673433028203,0.8555903351071061
2019-08-01,1.0633622904696105,0.861365081788591
2019-08-02,1.059870404997574,0.8613793140935325
2019-08-05,1.062095987399163,0.8585099361791823
2019-08-06,1.0591204270699341,0.8541795492178855
2019-08-07,1.0327742433214275,0.8820409673350542
2019-08-08,1.0342030419896127,0.8803899590298379
2019-08-09,1.042884435147136,0.8840102163745582
2019-08-12,1.0525803309509,0.8750695651215205
2019-08-13,1.0646499860557923,0.8692494657827682
2019-08-14,1.0801555733369212,0.8521123511976698
2019-08-15,1.0796154955502528,0.8574397037449192
2019-08-16,1.0796154955502528,0.8665276214172044
2019-08-19,1.0796154955502528,0.8505161685905082
2019-08-20,1.0796154955502528,0.862702528491615
2019-08-21,1.0796154955502528,0.8726511166006339
2019-08-22,1.0796154955502528,0.8637146657253194
2019-08-23,1.0796154955502528,0.8572070312487816
2019-08-26,1.0796154955502528,0.8529595394204605
2019-08-27,1.0796154955502528,0.8548863997955276
2019-08-28,1.0796154955502528,0.8550549368895702
2019-08-29,1.0796154955502528,0.8557215987530017
2019-08-30,1.0796154955502528,0.8598911203891317
2019-09-02,1.0796154955502528,0.8583904177751392
2019-09-03,1.0796154955502528,0.8555939946166651
2019-09-04,1.0796154955502528,0.8576527077435161
2019-09-05,1.0796154955502528,0.8550015283410677
2019-09-06,1.0796154955502528,0.8429460472007579
2019-09-09,1.0796154955502528,0.8440677770632243
2019-09-10,1.0796154955502528,0.8370438296813566
2019-09-11,1.0796154955502528,0.8344408440298874
2019-09-12,1.0796154955502528,0.8379518872339282
2019-09-13,1.0796154955502528,0.829268989417108
2019-09-16,1.0796154955502528,0.8468493041758384
2019-09-17,1.0796154955502528,0.8441652416727408
2019-09-18,1.0796154955502528,0.8472610628712206
2019-09-19,1.0796154955502528,0.8496289011367375
2019-09-20,1.0796154955502528,0.8487423437221364
2019-09-23,1.0796154955502528,0.8534056869562429
2019-09-24,1.0796154955502528,0.8386963535051061
2019-09-25,1.0796154955502528,0.8391015476503869
2019-09-26,1.0796154955502528,0.8363014703138948
2019-09-27,1.0796154955502528,0.8238868123426192
2019-09-30,1.0796154955502528,0.8244508270528422
2019-10-01,1.0796154955502528,0.830966217530395
2019-10-02,1.0796154955502528,0.8350512252599871
2019-10-03,1.0796154955502528,0.8231860349003646
2019-10-04,1.0796154955502528,0.8334228467420508
2019-10-07,1.0796154955502528,0.8190911189318419
2019-10-08,1.0796154955502528,0.8174107294344554
2019-10-09,1.0796154955502528,0.8115257058706556
2019-10-10,1.0796154955502528,0.801666853698875
2019-10-11,1.0796154955502528,0.7979734238852328
2019-10-14,1.0796154955502528,0.8094757634320768
2019-10-15,1.0796154955502528,0.7969839578679044
2019-10-16,1.0796154955502528,0.7856361427076772
2019-10-17,1.0796154955502528,0.7820758070973188
2019-10-18,1.0796154955502528,0.7787375061190134
2019-10-21,1.0796154955502528,0.7783896151786648
2019-10-22,1.0796154955502528,0.7750368393254178
2019-10-23,1.0796154955502528,0.7701822926795131
2019-10-24,1.0796154955502528,0.7875135936406388
2019-10-25,1.0796154955502528,0.7787094227870677
2019-10-28,1.0796154955502528,0.7877413386142281
2019-10-29,1.0796154955502528,0.7804749538873513
2019-10-30,1.0796154955502528,0.7714461357324284
2019-10-31,1.0796154955502528,0.7625338679515175
2019-11-01,1.0796154955502528,0.7779181355599164
2019-11-04,1.0796154955502528,0.7808882975026151
2019-11-05,1.0796154955502528,0.7828275665814725
2019-11-06,1.0796154955502528,0.7786234360502124
2019-11-07,1.0796154955502528,0.7762122251921506
2019-11-08,1.0796154955502528,0.7781804280152896
2019-11-11,1.0796154955502528,0.7925640675673035
2019-11-12,1.0796154955502528,0.7914374020926365
2019-11-13,1.0796154955502528,0.7819453778097594
2019-11-14,1.0796154955502528,0.779053600181762
2019-11-15,1.0796154955502528,0.7760165306770856
2019-11-18,1.0796154955502528,0.7798001213944386
2019-11-19,1.0796154955502528,0.7764807896436869
2019-11-20,1.0796154955502528,0.7636846277255281
2019-11-21,1.0796154955502528,0.7476616729502297
2019-11-22,1.0796154955502528,0.7523016582384477
2019-11-25,1.0796154955502528,0.7564787210399978
2019-11-26,1.0796154955502528,0.7439830193576698
2019-11-27,1.0796154955502528,0.7491300631601402
2019-11-28,1.0796154955502528,0.7493078293645437
2019-11-29,1.0796154955502528,0.7591142325118543
2019-12-02,1.0796154955502528,0.7504208739423743
2019-12-03,1.0796154955502528,0.7464242215744533
2019-12-04,1.0796154955502528,0.7363358256338558
2019-12-05,1.0796154955502528,0.7300392589277407
2019-12-06,1.0796154955502528,0.7350966995778864
2019-12-09,1.0796154955502528,0.7391229822869372
2019-12-10,1.0796154955502528,0.7430263926935131
2019-12-11,1.0796154955502528,0.7290586422085674
2019-12-12,1.0796154955502528,0.7181469572556961
2019-12-13,1.0796154955502528,0.7112887995259343
2019-12-16,1.0796154955502528,0.7115449006338882
2019-12-17,1.0796154955502528,0.714266712583264
2019-12-18,1.0796154955502528,0.712899453080783
2019-12-19,1.0796154955502528,0.7090586060445913
2019-12-20,1.0796154955502528,0.7013228152768821
2019-12-23,1.0796154955502528,0.7055737259005992
2019-12-24,1.0796154955502528,0.7101562832117395
2019-12-25,1.0796154955502528,0.7236908497605917
2019-12-26,1.0796154955502528,0.7232333970087299
2019-12-27,1.0796154955502528,0.7072314190893656
2019-12-30,1.073351786732561,0.7039181921074333
2019-12-31,1.0750116335041793,0.7017395188666502
2020-01-01,1.0866231686803098,0.7043559328117134
2020-01-02,1.0884423012183284,0.7051899977561863
2020-01-03,1.089481562071915,0.7000750779989008
2020-01-06,1.0789586940912486,0.6975577157899077
2020-01-07,1.0891985358434784,0.7032150923392244
2020-01-08,1.1013461719937885,0.7122531730255494
2020-01-09,1.1007954989077917,0.7106991510245062
2020-01-10,1.1007954989077917,0.7049280414762655
2020-01-13,1.1007954989077917,0.692213081031534
2020-01-14,1.1007954989077917,0.6945192129165122
2020-01-15,1.1007954989077917,0.7025212075751446
2020-01-16,1.1007954989077917,0.7060372232343471
2020-01-17,1.1007954989077917,0.7103788894153663
2020-01-20,1.0973890112691453,0.7033972169347751
2020-01-21,1.105841822331275,0.6983606042618982
2020-01-22,1.0975948557100774,0.6952099761452617
2020-01-23,1.1069081430135332,0.685356027304998
2020-01-24,1.109533909959162,0.6819887061820824
2020-01-27,1.1072808948226835,0.6707235443522295
2020-01-28,1.1028939828763742,0.6740767137390477
2020-01-29,1.1018974130178225,0.6757174493057463
2020-01-30,1.1009679474643521,0.6754636623115744
2020-01-31,1.1076694448280833,0.6690700169895709
2020-02-03,1.1071156101056694,0.6611789500837634
2020-02-04,1.1071156101056694,0.6557282828372827
2020-02-05,1.1071156101056694,0.6511592366255331
2020-02-06,1.1071156101056694,0.642995258134483
2020-02-07,1.1071156101056694,0.6388226302354663
2020-02-10,1.1071156101056694,0.631062823911308
2020-02-11,1.1071156101056694,0.6259013775911999
2020-02-12,1.0990344495812865,0.6225564597631471
2020-02-13,1.0906273078586959,0.6169530735678597
2020-02-14,1.0945363711644944,0.6168570798860188
2020-02-17,1.0981495102518477,0.6225936249599339
2020-02-18,1.1144753755593002,0.6227370579500268
2020-02-19,1.1056770887827152,0.6202449195619558
2020-02-20,1.1025847106200626,0.6199598889395891
2020-02-21,1.1087788169558201,0.6259458194114361
2020-02-24,1.1078201762323268,0.6279639434943939
2020-02-25,1.1083048055085267,0.6241664539791038
2020-02-26,1.1198358603473981,0.6301550867530523
2020-02-27,1.1192759424172245,0.6326643066505236
2020-02-28,1.1192759424172245,0.6310593300174187
2020-03-02,1.1192759424172245,0.627920803652791
2020-03-03,1.1192759424172245,0.6222962076710618
2020-03-04,1.1192759424172245,0.6271019601649748
2020-03-05,1.1192759424172245,0.6288202413401371
2020-03-06,1.1192759424172245,0.6314276612667118
2020-03-09,1.1192759424172245,0.6359051516547644
2020-03-10,1.1192759424172245,0.6309123487795565
2020-03-11,1.1192759424172245,0.6342677250575599
2020-03-12,1.1192759424172245,0.6368070492949572
2020-03-13,1.1192759424172245,0.6264111884063873
2020-03-16,1.1192759424172245,0.6222922015643196
2020-03-17,1.1192759424172245,0.6143852418597812
2020-03-18,1.1192759424172245,0.6102514941753621
2020-03-19,1.1192759424172245,0.6057441895781779
2020-03-20,1.1192759424172245,0.6053120248155069
2020-03-23,1.1192759424172245,0.6037143662744495
2020-03-24,1.1192759424172245,0.6091205093040947
2020-03-25,1.1192759424172245,0.6250542068465231
2020-03-26,1.1192759424172245,0.6258622682418382
2020-03-27,1.1192759424172245,0.6364545602715715
2020-03-30,1.1192759424172245,0.6313950443736694
2020-03-31,1.1192759424172245,0.6291373941111419
2020-04-01,1.1192759424172245,0.6306501589377876
2020-04-02,1.1192759424172245,0.6368099300513932
2020-04-03,1.1192759424172245,0.6394250510075861
2020-04-06,1.1192759424172245,0.6355016396083891
2020-04-07,1.1192759424172245,0.6434000982749093
2020-04-08,1.1192759424172245,0.6365901880853438
2020-04-09,1.1192759424172245,0.6270161566336809
2020-04-10,1.1192759424172245,0.6425361189683038
2020-04-13,1.1192759424172245,0.648522541937543
2020-04-14,1.1192759424172245,0.6614745242708665
2020-04-15,1.1192759424172245,0.6595735082308154
2020-04-16,1.1192759424172245,0.6634849202456622
2020-04-17,1.1192759424172245,0.6713201802431619
2020-04-20,1.1192759424172245,0.6710903623951986
2020-04-21,1.1131064548607477,0.660701959442038
2020-04-22,1.1219497360455526,0.6580427161808778
2020-04-23,1.1235119796847162,0.6562869445649114
2020-04-24,1.1352343928545257,0.6487506515746797
2020-04-27,1.13638445271244,0.6330847798317563
2020-04-28,1.1344035107732087,0.6318211369425453
2020-04-29,1.1366586075820788,0.6252278877463966
2020-04-30,1.1339430057368822,0.6206173350373809
2020-05-01,1.1263246779359344,0.6091667249218518
2020-05-04,1.1149235933065453,0.6150914704978507
2020-05-05,1.1102135311032353,0.6246083243807343
2020-05-06,1.111834427680378,0.6261817246701722
2020-05-07,1.1041311216399068,0.6273970906837585
2020-05-08,1.1098381941450517,0.623938951706276
2020-05-11,1.1134640238174116,0.6263641624035067
2020-05-12,1.1055093528166606,0.6153483923664488
2020-05-13,1.114757502282747,0.6098330582182679
2020-05-14,1.1170947336660193,0.611538345965179
2020-05-15,1.1165361862991863,0.6102228613328159
2020-05-18,1.1165361862991863,0.6196950025298025
2020-05-19,1.1165361862991863,0.6320643832611095
2020-05-20,1.1165361862991863,0.6307846659543979
2020-05-21,1.1165361862991863,0.6333321459991995
2020-05-22,1.1165361862991863,0.6341346756628721
2020-05-25,1.1165361862991863,0.6272242937704805
2020-05-26,1.1165361862991863,0.6229011816344068
2020-05-27,1.1165361862991863,0.6339184549264839
2020-05-28,1.1165361862991863,0.6540023911185462
2020-05-29,1.1165361862991863,0.6548730723272377
2020-06-01,1.1165361862991863,0.6515533270934849
2020-06-02,1.1165361862991863,0.6553355600237912
2020-06-03,1.1165361862991863,0.6611576014672631
2020-06-04,1.1165361862991863,0.6640599890447538
2020-06-05,1.1165361862991863,0.6731033973963555
2020-06-08,1.1165361862991863,0.6684840908471994
2020-06-09,1.1165361862991863,0.6695025898505551
2020-06-10,1.1165361862991863,0.6655859054506978
2020-06-11,1.1165361862991863,0.6680150211895683
2020-06-12,1.1165361862991863,0.6667746393677845
2020-06-15,1.1165361862991863,0.6569350969490911
2020-06-16,1.1165361862991863,0.6467504092819159
2020-06-17,1.1165361862991863,0.6486468986185051
2020-06-18,1.1165361862991863,0.6420490521373254
2020-06-19,1.1165361862991863,0.6351703334367478
2020-06-22,1.1165361862991863,0.6431971290365721
2020-06-23,1.1165361862991863,0.6410073282795128
2020-06-24,1.1115548894529903,0.6414329302554699
2020-06-25,1.106739997421197,0.6363457912199414
2020-06-26,1.1141753204511275,0.6459368318063916
2020-06-29,1.1284343100339231,0.6523224973667082
2020-06-30,1.1360056618698882,0.662235889265334
2020-07-01,1.1354376590389532,0.656172794124127
2020-07-02,1.1354376590389532,0.6576984519643828
2020-07-03,1.1354376590389532,0.6529189887313406
2020-07-06,1.1354376590389532,0.655401421726451
2020-07-07,1.1354376590389532,0.6565353885608686
2020-07-08,1.1354376590389532,0.647344541305969
2020-07-09,1.1354376590389532,0.6536211021451273
2020-07-10,1.1354376590389532,0.6604365327697452
2020-07-13,1.1354376590389532,0.6542487804098337
2020-07-14,1.1354376590389532,0.6599797545053483
2020-07-15,1.1354376590389532,0.6556879871722519
2020-07-16,1.1354376590389532,0.6537712822369438
2020-07-17,1.1354376590389532,0.6546312731244532
2020-07-20,1.1354376590389532,0.6646465401740168
2020-07-21,1.1354376590389532,0.6782722145946799
2020-07-22,1.1354376590389532,0.6799684805293045
2020-07-23,1.1354376590389532,0.6865078620254778
2020-07-24,1.1354376590389532,0.6957127615419877
2020-07-27,1.1354376590389532,0.7049642363989335
2020-07-28,1.1354376590389532,0.6957217793210754
2020-07-29,1.1354376590389532,0.6971562922964901
2020-07-30,1.1354376590389532,0.6914739153641546
2020-07-31,1.1354376590389532,0.6817321845433911
2020-08-03,1.1354376590389532,0.678311866404174
2020-08-04,1.1354376590389532,0.6665749480458519
2020-08-05,1.1354376590389532,0.6727502215904047
2020-08-06,1.1354376590389532,0.6684580890401067
2020-08-07,1.1354376590389532,0.6637118600508664
2020-08-10,1.1354376590389532,0.6639446865691414
2020-08-11,1.1354376590389532,0.6658321080198895
2020-08-12,1.1354376590389532,0.66264738070296
2020-08-13,1.1354376590389532,0.6691287302060489
2020-08-14,1.1354376590389532,0.6672853627380593
2020-08-17,1.1354376590389532,0.6632841352514743
2020-08-18,1.1354376590389532,0.6545123737843959
2020-08-19,1.1354376590389532,0.6624567516475259
2020-08-20,1.1354376590389532,0.6624398235665863
2020-08-21,1.1354376590389532,0.6629968263428236
2020-08-24,1.1354376590389532,0.6720242319258533
2020-08-25,1.1354376590389532,0.6738042412425553
2020-08-26,1.1370849626161224,0.6770401092242987
2020-08-27,1.1371836118991185,0.6669096768905136
2020-08-28,1.14225580618922,0.6573732321074457
2020-08-31,1.1482814433475923,0.6515776134601338
2020-09-01,1.158055551927814,0.6615325376278113
2020-09-02,1.15747652415185,0.6655314811344727
2020-09-03,1.15747652415185,0.663589329948554
2020-09-04,1.15747652415185,0.6709939932348095
2020-09-07,1.15747652415185,0.6812294699535781
2020-09-08,1.15747652415185,0.6794598259279163
2020-09-09,1.15747652415185,0.6728618946208069
2020-09-10,1.15747652415185,0.6871413561676152
2020-09-11,1.15747652415185,0.6923239814409401
2020-09-14,1.15747652415185,0.7038673221115139
2020-09-15,1.15747652415185,0.7039229148652654
2020-09-16,1.15747652415185,0.7212025446754394
2020-09-17,1.15747652415185,0.7295734289811565
2020-09-18,1.15747652415185,0.7354198778460711
2020-09-21,1.15747652415185,0.7508853010395931
2020-09-22,1.1631643402567649,0.7313982242137186
2020-09-23,1.1589049148981405,0.7393739718780322
2020-09-24,1.1503230342889121,0.7443836529807848
2020-09-25,1.1513729686335399,0.7472154182711678
2020-09-28,1.151164334483166,0.7531658324739866
2020-09-29,1.1456538292506713,0.7549637807830644
2020-09-30,1.1470433924780759,0.7393890839306329
2020-10-01,1.148205833816155,0.7417722462850358
2020-10-02,1.1528271441732532,0.7315913349717715
2020-10-05,1.1571813391694041,0.7252148991572029
2020-10-06,1.1599518265579087,0.717774761638314
2020-10-07,1.1593718506446298,0.714270747962988
2020-10-08,1.1593718506446298,0.7005700744929158
2020-10-09,1.1593718506446298,0.7089487397321275
2020-10-12,1.1593718506446298,0.7035392990479423
2020-10-13,1.1593718506446298,0.7184378800332649
2020-10-14,1.1593718506446298,0.7347054853884282
2020-10-15,1.1593718506446298,0.7369924196040206
2020-10-16,1.1593718506446298,0.7231872870549649
2020-10-19,1.1593718506446298,0.716384173613865
2020-10-20,1.1593718506446298,0.7106697902308566
2020-10-21,1.1593718506446298,0.7084761826779011
2020-10-22,1.1593718506446298,0.7006645721340617
2020-10-23,1.1593718506446298,0.6917001819741722
2020-10-26,1.1593718506446298,0.7056204281867289
2020-10-27,1.1647697467367866,0.6876125158101878
2020-10-28,1.161791749372004,0.6927330937635684
2020-10-29,1.1609698980640846,0.6926570478219232
2020-10-30,1.1620528668716774,0.689339163621215
2020-11-02,1.155832508524514,0.693830428731984
2020-11-03,1.1622752633314,0.6845176998733826
2020-11-04,1.1608733828392075,0.6808863949042101
2020-11-05,1.1492410991445285,0.6767067792007379
2020-11-06,1.1520277044940392,0.674604983594438
2020-11-09,1.1607431631653073,0.6822921636030772
2020-11-10,1.1662584607446278,0.6932818428155919
2020-11-11,1.1734286127068174,0.6982209533039934
2020-11-12,1.172841898400464,0.7084268727349178
2020-11-13,1.172841898400464,0.6995315079339637
2020-11-16,1.172841898400464,0.71109430083151
2020-11-17,1.172841898400464,0.7044408970552907
2020-11-18,1.172841898400464,0.7064528230188819
2020-11-19,1.172841898400464,0.7036540778971921
2020-11-20,1.172841898400464,0.69261214276235
2020-11-23,1.172841898400464,0.6902330251369571
2020-11-24,1.172841898400464,0.6853923662935275
2020-11-25,1.1720450901563395,0.6777881682413723
2020-11-26,1.1831769363051434,0.6826738238927136
2020-11-27,1.1714005577380995,0.6911071338430655
2020-11-30,1.1649961746404665,0.6866040949087586
2020-12-01,1.1756585560070405,0.6920353754993709
2020-12-02,1.175733772713932,0.695853654667733
2020-12-03,1.1854014470175689,0.7068980327365499
2020-12-04,1.1885934218801162,0.7015813611928633
2020-12-07,1.182179470431201,0.6963269917932775
2020-12-08,1.1802031009086225,0.7013785302449033
2020-12-09,1.1881767722004324,0.7083463117809552
2020-12-10,1.1938852008878664,0.7129054845953328
2020-12-11,1.1907182674055214,0.7216669359237153
2020-12-14,1.1909267433040516,0.7173378664840113
2020-12-15,1.1890426866884425,0.7168748305643474
2020-12-16,1.1845400138914617,0.7108498708646327
2020-12-17,1.197171738008321,0.7281779357177793
2020-12-18,1.196573152139317,0.7157723111792071
2020-12-21,1.196573152139317,0.7062177203745555
2020-12-22,1.196573152139317,0.7007520472383801
2020-12-23,1.196573152139317,0.7076516304980388
2020-12-24,1.196573152139317,0.7137281441729134
2020-12-25,1.196573152139317,0.7209842175639094
2020-12-28,1.196573152139317,0.7082811236276988
2020-12-29,1.196573152139317,0.712637168245082
2020-12-30,1.196573152139317,0.7034638650967394
2020-12-31,1.196573152139317,0.6942769735038975
2021-01-01,1.206686024114654,0.7014665175283035
2021-01-04,1.1997213329954823,0.6944289840447236
2021-01-05,1.1980264627796213,0.6845826906939205
2021-01-06,1.2101286459044405,0.6880040707429983
2021-01-07,1.2114362656345494,0.682248044734667
2021-01-08,1.2083035246455172,0.6785337022695261
2021-01-11,1.2336603065261105,0.6895670202113096
2021-01-12,1.2330434763728475,0.6935672241719002
2021-01-13,1.2330434763728475,0.7004808061614982
2021-01-14,1.2330434763728475,0.7018507097369036
2021-01-15,1.2330434763728475,0.6939238704110405
2021-01-18,1.2330434763728475,0.6851388888112846
2021-01-19,1.2330434763728475,0.6796864592137526
2021-01-20,1.2330434763728475,0.6716391365867435
2021-01-21,1.2330434763728475,0.6655852758483553
2021-01-22,1.2330434763728475,0.6614084498781077
2021-01-25,1.2330434763728475,0.6496084971795238
